사고번호,사고일시,요일,시군구,사고내용,사망자수,중상자수,경상자수,부상신고자수,사고유형,법규위반,노면상태,기상상태,도로형태,가해운전자 차종,가해운전자 성별,가해운전자 연령,가해운전자 상해정도,피해운전자 차종,피해운전자 성별,피해운전자 연령,피해운전자 상해정도
2020010100100178,2020년 1월 1일 13시,수요일,경상남도 밀양시 삼랑진읍,중상사고,0,2,1,0,차대차 - 측면충돌,안전운전불이행,건조,맑음,교차로 - 교차로안,승용,남,60세,중상,화물,남,58세,경상
2020010200100291,2020년 1월 2일 15시,목요일,경상남도 밀양시 산외면,중상사고,0,1,0,0,차대차 - 측면충돌,안전운전불이행,건조,맑음,단일로 - 기타,화물,여,55세,상해없음,이륜,남,48세,중상
2020010400100072,2020년 1월 4일 05시,토요일,경상남도 밀양시 내이동,경상사고,0,0,2,0,차대차 - 정면충돌,신호위반,건조,흐림,교차로 - 교차로안,화물,여,47세,경상,승용,남,64세,경상
2020010600100109,2020년 1월 6일 08시,월요일,경상남도 밀양시 초동면,경상사고,0,0,1,6,차량단독 - 전도전복 - 전도,안전운전불이행,서리/결빙,비,단일로 - 기타,승합,남,49세,경상,,,,
2020010700100258,2020년 1월 7일 12시,화요일,경상남도 밀양시 상남면,중상사고,0,1,0,0,차대차 - 추돌,안전운전불이행,젖음/습기,비,단일로 - 기타,승용,여,61세,상해없음,화물,남,36세,중상
2020010700100323,2020년 1월 7일 14시,화요일,경상남도 밀양시 삼문동,중상사고,0,2,0,0,차대차 - 측면충돌,신호위반,건조,맑음,교차로 - 교차로안,승용,여,58세,상해없음,승용,남,60세,중상
2020010700100504,2020년 1월 7일 18시,화요일,경상남도 밀양시 내이동,경상사고,0,0,1,0,차대차 - 측면충돌,안전운전불이행,젖음/습기,비,단일로 - 기타,화물,남,56세,상해없음,승용,남,31세,경상
2020010700100680,2020년 1월 7일 21시,화요일,경상남도 밀양시 가곡동,경상사고,0,0,1,0,차대차 - 측면충돌,안전운전불이행,젖음/습기,비,교차로 - 교차로안,승용,남,19세,상해없음,농기계,남,57세,경상
2020010800100241,2020년 1월 8일 11시,수요일,경상남도 밀양시 내이동,중상사고,0,1,0,0,차대차 - 측면충돌,안전운전불이행,건조,맑음,단일로 - 기타,승용,남,51세,상해없음,승용,남,57세,중상
2020010800100469,2020년 1월 8일 18시,수요일,경상남도 밀양시 내이동,중상사고,0,1,0,0,차대차 - 측면충돌,안전운전불이행,건조,맑음,교차로 - 교차로안,승용,여,61세,상해없음,승용,여,33세,중상
2020010800100470,2020년 1월 8일 18시,수요일,경상남도 밀양시 부북면,중상사고,0,1,0,0,차대차 - 측면충돌,중앙선침범,건조,맑음,단일로 - 기타,승용,여,38세,상해없음,화물,남,26세,중상
2020010800100471,2020년 1월 8일 18시,수요일,경상남도 밀양시 삼문동,부상신고사고,0,0,0,1,차대차 - 측면충돌,안전운전불이행,건조,흐림,교차로 - 교차로부근,승용,남,45세,상해없음,이륜,남,26세,부상신고
2020011000100220,2020년 1월 10일 11시,금요일,경상남도 밀양시 삼랑진읍,중상사고,0,1,0,0,차대차 - 추돌,안전운전불이행,건조,맑음,단일로 - 기타,이륜,남,53세,중상,화물,남,71세,상해없음
2020011000100561,2020년 1월 10일 20시,금요일,경상남도 밀양시 하남읍,경상사고,0,0,2,0,차대차 - 측면충돌,안전운전불이행,건조,맑음,교차로 - 교차로안,승용,남,59세,상해없음,승합,남,26세,경상
2020011200100171,2020년 1월 12일 13시,일요일,경상남도 밀양시 삼문동,중상사고,0,1,0,0,차대차 - 측면충돌,안전운전불이행,건조,맑음,단일로 - 기타,이륜,남,56세,상해없음,자전거,여,72세,중상
2020011200100196,2020년 1월 12일 14시,일요일,경상남도 밀양시 내일동,중상사고,0,1,0,0,차대차 - 측면충돌,안전운전불이행,건조,맑음,교차로 - 교차로안,승합,남,63세,상해없음,승용,남,56세,중상
2020011300100171,2020년 1월 13일 11시,월요일,경상남도 밀양시 삼랑진읍,중상사고,0,1,2,0,차대차 - 측면충돌,중앙선침범,건조,맑음,단일로 - 기타,화물,남,55세,기타불명,승용,여,42세,중상
2020011300100372,2020년 1월 13일 17시,월요일,경상남도 밀양시 삼랑진읍,중상사고,0,1,0,0,차대차 - 측면충돌,안전운전불이행,건조,맑음,단일로 - 기타,화물,남,59세,상해없음,승용,남,39세,중상
2020011300100447,2020년 1월 13일 18시,월요일,경상남도 밀양시 삼문동,중상사고,0,1,0,0,차대차 - 기타,교차로운행방법위반,건조,흐림,교차로 - 교차로안,승용,여,28세,상해없음,이륜,남,46세,중상
2020011500100193,2020년 1월 15일 11시,수요일,경상남도 밀양시 단장면,경상사고,0,0,1,0,차대차 - 정면충돌,중앙선침범,건조,맑음,단일로 - 기타,건설기계,남,27세,상해없음,화물,남,63세,경상
2020011500100524,2020년 1월 15일 19시,수요일,경상남도 밀양시 상남면,경상사고,0,0,1,0,차대사람 - 기타,안전운전불이행,건조,흐림,단일로 - 기타,승용,남,62세,상해없음,보행자,남,20세,경상
2020011600100368,2020년 1월 16일 16시,목요일,경상남도 밀양시 삼문동,경상사고,0,0,1,0,차대사람 - 횡단중,보행자보호의무위반,건조,맑음,단일로 - 기타,승용,여,60세,상해없음,보행자,여,13세,경상
2020011600100607,2020년 1월 16일 22시,목요일,경상남도 밀양시 부북면,경상사고,0,0,1,0,차대차 - 추돌,안전운전불이행,건조,맑음,교차로 - 교차로부근,승용,남,47세,상해없음,승용,여,41세,경상
2020011800100080,2020년 1월 18일 06시,토요일,경상남도 밀양시 산외면,중상사고,0,1,0,0,차대사람 - 횡단중,안전운전불이행,건조,맑음,단일로 - 기타,화물,남,61세,상해없음,보행자,남,66세,중상
2020011800100095,2020년 1월 18일 07시,토요일,경상남도 밀양시 가곡동,중상사고,0,1,0,0,차대사람 - 횡단중,보행자보호의무위반,건조,맑음,교차로 - 교차로횡단보도내,화물,남,46세,기타불명,보행자,남,71세,중상
2020011800100466,2020년 1월 18일 18시,토요일,경상남도 밀양시 교동,중상사고,0,1,0,0,차대사람 - 기타,안전운전불이행,건조,흐림,단일로 - 기타,승용,남,62세,상해없음,보행자,남,58세,중상
2020012000100355,2020년 1월 20일 14시,월요일,경상남도 밀양시 가곡동,경상사고,0,0,1,0,차대차 - 측면충돌,교차로운행방법위반,건조,맑음,교차로 - 교차로안,승용,남,74세,상해없음,이륜,남,29세,경상
2020012000100541,2020년 1월 20일 18시,월요일,경상남도 밀양시 가곡동,경상사고,0,0,2,0,차대차 - 측면충돌,교차로운행방법위반,건조,맑음,교차로 - 교차로안,승용,남,62세,상해없음,승용,여,57세,경상
2020012000100542,2020년 1월 20일 18시,월요일,경상남도 밀양시 하남읍,중상사고,0,1,0,0,차대사람 - 기타,안전운전불이행,건조,맑음,교차로 - 교차로안,화물,남,59세,상해없음,보행자,여,72세,중상
2020012100100245,2020년 1월 21일 11시,화요일,경상남도 밀양시 내이동,중상사고,0,1,0,0,차대차 - 측면충돌,안전운전불이행,건조,맑음,단일로 - 기타,승용,여,50세,상해없음,승용,남,30세,중상
2020012200100296,2020년 1월 22일 14시,수요일,경상남도 밀양시 내이동,경상사고,0,0,1,0,차대차 - 측면충돌,신호위반,건조,맑음,교차로 - 교차로안,화물,남,82세,상해없음,승용,남,59세,경상
2020012200100447,2020년 1월 22일 17시,수요일,경상남도 밀양시 삼문동,경상사고,0,0,1,0,차대차 - 측면충돌,안전운전불이행,젖음/습기,맑음,단일로 - 기타,승용,여,67세,상해없음,승용,남,21세,경상
2020012200100512,2020년 1월 22일 18시,수요일,경상남도 밀양시 내이동,경상사고,0,0,2,0,차대차 - 측면충돌,안전운전불이행,젖음/습기,비,교차로 - 교차로부근,승용,남,25세,상해없음,승용,여,53세,경상
2020012200100666,2020년 1월 22일 21시,수요일,경상남도 밀양시 가곡동,중상사고,0,1,0,0,차대사람 - 횡단중,보행자보호의무위반,젖음/습기,비,단일로 - 기타,승용,여,50세,상해없음,보행자,남,77세,중상
2020012200100696,2020년 1월 22일 22시,수요일,경상남도 밀양시 삼문동,경상사고,0,0,1,0,차대차 - 측면충돌,안전운전불이행,젖음/습기,비,교차로 - 교차로안,승용,여,27세,상해없음,승용,남,52세,경상
2020012300100098,2020년 1월 23일 07시,목요일,경상남도 밀양시 하남읍,중상사고,0,1,0,0,차대차 - 정면충돌,중앙선침범,젖음/습기,비,단일로 - 기타,화물,여,63세,상해없음,화물,남,55세,중상
2020012300100188,2020년 1월 23일 10시,목요일,경상남도 밀양시 하남읍,중상사고,0,2,0,0,차대차 - 측면충돌,교차로운행방법위반,건조,맑음,교차로 - 교차로안,승용,남,67세,중상,승용,남,45세,중상
2020012300100714,2020년 1월 23일 21시,목요일,경상남도 밀양시 내일동,중상사고,0,1,0,0,차대차 - 측면충돌,교차로운행방법위반,건조,맑음,교차로 - 교차로안,승용,남,63세,상해없음,승용,여,50세,중상
2020012400100189,2020년 1월 24일 12시,금요일,경상남도 밀양시 하남읍,경상사고,0,0,1,0,차대차 - 측면충돌,신호위반,건조,맑음,교차로 - 교차로안,화물,남,57세,상해없음,화물,여,50세,경상
2020012600100007,2020년 1월 26일 00시,일요일,경상남도 밀양시 삼문동,경상사고,0,0,1,1,차대사람 - 횡단중,안전운전불이행,건조,맑음,단일로 - 기타,승용,여,19세,상해없음,보행자,여,33세,경상
2020012600100176,2020년 1월 26일 15시,일요일,경상남도 밀양시 하남읍,경상사고,0,0,4,0,차대차 - 기타,교차로운행방법위반,건조,맑음,교차로 - 교차로안,승용,남,72세,상해없음,화물,남,47세,경상
2020013100100185,2020년 1월 31일 11시,금요일,경상남도 밀양시 삼문동,경상사고,0,0,1,0,차대차 - 측면충돌,교차로운행방법위반,건조,맑음,교차로 - 교차로안,화물,남,73세,상해없음,승용,남,49세,경상
2020013100100413,2020년 1월 31일 18시,금요일,경상남도 밀양시 삼문동,중상사고,0,1,0,0,차대차 - 측면충돌,신호위반,건조,맑음,교차로 - 교차로안,승용,남,55세,상해없음,승용,여,57세,중상
2020020200100204,2020년 2월 2일 14시,일요일,경상남도 밀양시 하남읍,경상사고,0,0,1,0,차대차 - 측면충돌,안전운전불이행,건조,맑음,단일로 - 기타,화물,남,83세,경상,화물,남,38세,상해없음
2020020600100340,2020년 2월 6일 14시,목요일,경상남도 밀양시 내이동,경상사고,0,0,2,0,차대차 - 측면충돌,교차로운행방법위반,건조,맑음,교차로 - 교차로안,승용,여,61세,경상,승용,여,46세,경상
2020020600100475,2020년 2월 6일 18시,목요일,경상남도 밀양시 하남읍,경상사고,0,0,1,0,차대사람 - 횡단중,보행자보호의무위반,건조,맑음,교차로 - 교차로횡단보도내,승용,남,55세,상해없음,보행자,여,43세,경상
2020020800100146,2020년 2월 8일 09시,토요일,경상남도 밀양시 삼랑진읍,중상사고,0,2,0,0,차량단독 - 전도전복 - 전복,안전운전불이행,건조,맑음,단일로 - 기타,화물,남,61세,상해없음,,,,
2020020900100354,2020년 2월 9일 19시,일요일,경상남도 밀양시 가곡동,중상사고,0,1,0,0,차대사람 - 횡단중,안전운전불이행,건조,맑음,교차로 - 교차로안,승용,여,51세,상해없음,보행자,여,33세,중상
2020021100100245,2020년 2월 11일 12시,화요일,경상남도 밀양시 내이동,경상사고,0,0,1,0,차대차 - 측면충돌,교차로운행방법위반,건조,맑음,교차로 - 교차로부근,승용,남,71세,상해없음,승용,남,24세,경상
2020021300100075,2020년 2월 13일 07시,목요일,경상남도 밀양시 삼문동,중상사고,0,4,0,0,차대차 - 측면충돌,신호위반,젖음/습기,흐림,교차로 - 교차로안,승용,남,68세,중상,승용,남,71세,중상
2020021300100164,2020년 2월 13일 10시,목요일,경상남도 밀양시 삼문동,중상사고,0,1,0,0,차대사람 - 횡단중,보행자보호의무위반,건조,맑음,단일로 - 기타,승용,여,53세,상해없음,보행자,여,56세,중상
2020021300100343,2020년 2월 13일 16시,목요일,경상남도 밀양시 내이동,경상사고,0,0,2,0,차대차 - 측면충돌,안전운전불이행,건조,맑음,교차로 - 교차로안,승용,남,76세,상해없음,승용,여,27세,경상
2020021400100432,2020년 2월 14일 17시,금요일,경상남도 밀양시 부북면,경상사고,0,0,1,0,차대차 - 측면충돌,중앙선침범,건조,맑음,단일로 - 기타,이륜,남,63세,상해없음,이륜,남,25세,경상
2020021400100528,2020년 2월 14일 19시,금요일,경상남도 밀양시 상동면,중상사고,0,1,2,0,차대차 - 정면충돌,안전운전불이행,건조,맑음,단일로 - 기타,이륜,여,67세,중상,이륜,남,56세,경상
2020021600100039,2020년 2월 16일 01시,일요일,경상남도 밀양시 삼문동,경상사고,0,0,3,0,차대차 - 측면충돌,안전운전불이행,건조,맑음,교차로 - 교차로안,승용,남,43세,상해없음,승용,남,53세,경상
2020021600100132,2020년 2월 16일 07시,일요일,경상남도 밀양시 상남면,경상사고,0,0,1,1,차대차 - 추돌,안전운전불이행,젖음/습기,흐림,단일로 - 기타,승용,남,28세,부상신고,승용,여,55세,경상
2020021600100342,2020년 2월 16일 17시,일요일,경상남도 밀양시 삼문동,경상사고,0,0,2,0,차대차 - 추돌,안전운전불이행,건조,맑음,교차로 - 교차로부근,승용,여,51세,상해없음,승용,남,30세,경상
2020021700100146,2020년 2월 17일 09시,월요일,경상남도 밀양시 상남면,경상사고,0,0,2,0,차대차 - 측면충돌,교차로운행방법위반,건조,맑음,교차로 - 교차로안,화물,남,71세,상해없음,승합,여,35세,경상
2020021700100499,2020년 2월 17일 18시,월요일,경상남도 밀양시 삼랑진읍,중상사고,0,2,1,0,차대차 - 측면충돌,안전운전불이행,건조,맑음,교차로 - 교차로안,승용,남,33세,중상,승용,남,47세,중상
2020021800100265,2020년 2월 18일 12시,화요일,경상남도 밀양시 삼랑진읍,경상사고,0,0,2,0,차대차 - 측면충돌,안전운전불이행,건조,맑음,교차로 - 교차로안,승합,남,46세,상해없음,승용,여,52세,경상
2020021800100433,2020년 2월 18일 16시,화요일,경상남도 밀양시 무안면,경상사고,0,0,2,0,차대차 - 측면충돌,안전운전불이행,건조,맑음,단일로 - 기타,승용,여,57세,상해없음,승용,남,20세,경상
2020022100100237,2020년 2월 21일 11시,금요일,경상남도 밀양시 산외면,경상사고,0,0,2,0,차대차 - 측면충돌,안전운전불이행,건조,맑음,교차로 - 교차로안,승용,남,67세,경상,승용,남,73세,경상
2020022200100338,2020년 2월 22일 16시,토요일,경상남도 밀양시 하남읍,경상사고,0,0,2,0,차대차 - 추돌,안전운전불이행,건조,맑음,기타 - 기타,승용,남,49세,상해없음,승용,여,48세,경상
2020022300100236,2020년 2월 23일 17시,일요일,경상남도 밀양시 하남읍,중상사고,0,1,0,0,차대차 - 기타,안전운전불이행,건조,맑음,교차로 - 교차로안,화물,남,67세,상해없음,이륜,남,30세,중상
2020022400100342,2020년 2월 24일 16시,월요일,경상남도 밀양시 삼문동,경상사고,0,0,2,0,차대차 - 측면충돌,신호위반,건조,흐림,교차로 - 교차로안,승용,여,57세,경상,승용,여,46세,경상
2020022500100292,2020년 2월 25일 16시,화요일,경상남도 밀양시 삼문동,경상사고,0,0,2,0,차대차 - 측면충돌,교차로운행방법위반,젖음/습기,비,교차로 - 교차로부근,승합,여,52세,경상,승용,남,71세,경상
2020022700100339,2020년 2월 27일 18시,목요일,경상남도 밀양시 내이동,중상사고,0,1,1,0,차대차 - 측면충돌,교차로운행방법위반,건조,맑음,교차로 - 교차로안,승용,남,58세,경상,승용,남,33세,중상
2020022800100037,2020년 2월 28일 05시,금요일,경상남도 밀양시 가곡동,경상사고,0,0,1,0,차대차 - 측면충돌,중앙선침범,젖음/습기,흐림,단일로 - 기타,승용,남,51세,상해없음,승합,남,28세,경상
2020022800100253,2020년 2월 28일 16시,금요일,경상남도 밀양시 삼랑진읍,경상사고,0,0,1,0,차대차 - 측면충돌,중앙선침범,젖음/습기,비,단일로 - 기타,화물,남,48세,상해없음,화물,남,57세,경상
2020030200100183,2020년 3월 2일 12시,월요일,경상남도 밀양시 하남읍,경상사고,0,0,2,0,차대차 - 추돌,안전운전불이행,건조,맑음,교차로 - 교차로안,승용,남,61세,상해없음,화물,남,36세,경상
2020030200100430,2020년 3월 2일 21시,월요일,경상남도 밀양시 내이동,경상사고,0,0,1,0,차대차 - 측면충돌,신호위반,건조,맑음,교차로 - 교차로안,승용,여,49세,상해없음,승용,여,63세,경상
2020030400100072,2020년 3월 4일 08시,수요일,경상남도 밀양시 내이동,경상사고,0,0,1,0,차대사람 - 차도통행중,안전운전불이행,건조,맑음,교차로 - 교차로안,승용,여,67세,상해없음,보행자,남,46세,경상
2020030400100154,2020년 3월 4일 12시,수요일,경상남도 밀양시 삼문동,경상사고,0,0,3,0,차대차 - 측면충돌,신호위반,건조,맑음,교차로 - 교차로안,승용,여,41세,경상,승용,여,46세,경상
2020030400100282,2020년 3월 4일 17시,수요일,경상남도 밀양시 상남면,중상사고,0,1,0,0,차대사람 - 횡단중,신호위반,건조,맑음,교차로 - 교차로안,승용,남,31세,상해없음,보행자,여,70세,중상
2020030400100371,2020년 3월 4일 20시,수요일,경상남도 밀양시 부북면,중상사고,0,1,0,0,차대차 - 추돌,안전운전불이행,건조,맑음,단일로 - 기타,승용,남,63세,상해없음,승용,여,58세,중상
2020030500100171,2020년 3월 5일 11시,목요일,경상남도 밀양시 삼랑진읍,경상사고,0,0,1,0,차대차 - 후진중충돌,안전운전불이행,건조,맑음,교차로 - 교차로안,승용,여,59세,상해없음,승용,남,23세,경상
2020030600100220,2020년 3월 6일 12시,금요일,경상남도 밀양시 교동,경상사고,0,0,1,0,차대차 - 추돌,안전운전불이행,건조,맑음,단일로 - 기타,승용,남,57세,상해없음,승용,여,64세,경상
2020030600100244,2020년 3월 6일 13시,금요일,경상남도 밀양시 하남읍,경상사고,0,0,1,0,차대사람 - 횡단중,보행자보호의무위반,건조,맑음,교차로 - 교차로횡단보도내,승용,남,21세,상해없음,보행자,남,56세,경상
2020030600100280,2020년 3월 6일 14시,금요일,경상남도 밀양시 삼문동,경상사고,0,0,1,0,차대차 - 측면충돌,안전운전불이행,건조,맑음,교차로 - 교차로안,승용,남,73세,상해없음,자전거,여,65세,경상
2020030800100122,2020년 3월 8일 11시,일요일,경상남도 밀양시 단장면,중상사고,0,1,0,0,차대차 - 추돌,교차로운행방법위반,건조,맑음,교차로 - 교차로안,승용,여,44세,상해없음,자전거,남,38세,중상
2020031100100320,2020년 3월 11일 16시,수요일,경상남도 밀양시 삼문동,중상사고,0,1,0,0,차대차 - 측면충돌,안전운전불이행,건조,맑음,교차로 - 교차로안,승용,남,20세,상해없음,이륜,남,53세,중상
2020031200100495,2020년 3월 12일 20시,목요일,경상남도 밀양시 내이동,경상사고,0,0,1,0,차대차 - 측면충돌,안전운전불이행,건조,맑음,단일로 - 기타,승용,남,46세,상해없음,이륜,남,39세,경상
2020031400100134,2020년 3월 14일 09시,토요일,경상남도 밀양시 단장면,중상사고,0,1,0,1,차대차 - 측면충돌,안전운전불이행,건조,맑음,단일로 - 기타,승용,남,65세,상해없음,이륜,남,55세,중상
2020031400100189,2020년 3월 14일 11시,토요일,경상남도 밀양시 교동,중상사고,0,1,0,0,차대차 - 측면충돌,교차로운행방법위반,건조,맑음,교차로 - 교차로안,승용,여,54세,상해없음,승합,남,46세,중상
2020031400100354,2020년 3월 14일 16시,토요일,경상남도 밀양시 삼랑진읍,경상사고,0,0,2,0,차대차 - 측면충돌,안전운전불이행,건조,맑음,교차로 - 교차로안,승용,남,52세,상해없음,승용,남,52세,경상
2020031400100494,2020년 3월 14일 21시,토요일,경상남도 밀양시 내이동,경상사고,0,0,2,0,차대차 - 측면충돌,안전운전불이행,건조,맑음,교차로 - 교차로안,승용,여,51세,상해없음,승용,여,38세,경상
2020031500100103,2020년 3월 15일 10시,일요일,경상남도 밀양시 상남면,경상사고,0,0,2,0,차대차 - 추돌,안전운전불이행,건조,맑음,단일로 - 기타,화물,남,50세,상해없음,승용,여,25세,경상
2020031600100026,2020년 3월 16일 05시,월요일,경상남도 밀양시 내이동,경상사고,0,0,1,0,차대차 - 기타,안전운전불이행,건조,맑음,단일로 - 기타,화물,남,54세,상해없음,이륜,남,57세,경상
2020031600100136,2020년 3월 16일 09시,월요일,경상남도 밀양시 가곡동,중상사고,0,1,0,0,차대차 - 측면충돌,안전운전불이행,건조,맑음,단일로 - 기타,승용,남,65세,상해없음,이륜,남,68세,중상
2020031600100342,2020년 3월 16일 16시,월요일,경상남도 밀양시 상남면,경상사고,0,0,4,0,차대차 - 측면충돌,안전운전불이행,건조,맑음,교차로 - 교차로안,승용,남,69세,경상,승용,남,52세,경상
2020031600100460,2020년 3월 16일 19시,월요일,경상남도 밀양시 부북면,경상사고,0,0,1,0,차대차 - 추돌,안전운전불이행,건조,맑음,단일로 - 기타,화물,남,72세,상해없음,농기계,남,59세,경상
2020031800100256,2020년 3월 18일 14시,수요일,경상남도 밀양시 내이동,중상사고,0,1,0,0,차대사람 - 차도통행중,안전운전불이행,건조,맑음,단일로 - 기타,승용,남,61세,상해없음,보행자,여,46세,중상
2020031800100316,2020년 3월 18일 16시,수요일,경상남도 밀양시 내일동,부상신고사고,0,0,0,1,차량단독 - 기타,안전운전불이행,건조,맑음,단일로 - 기타,자전거,남,84세,부상신고,,,,
2020032200100110,2020년 3월 22일 10시,일요일,경상남도 밀양시 내이동,경상사고,0,0,1,0,차대사람 - 기타,안전운전불이행,건조,맑음,단일로 - 기타,승용,남,71세,상해없음,보행자,남,56세,경상
2020032300100322,2020년 3월 23일 15시,월요일,경상남도 밀양시 내일동,경상사고,0,0,2,0,차대차 - 기타,안전운전불이행,건조,맑음,단일로 - 기타,승용,여,51세,상해없음,자전거,남,79세,경상
2020032300100573,2020년 3월 23일 23시,월요일,경상남도 밀양시 삼문동,경상사고,0,0,1,0,차대차 - 측면충돌,중앙선침범,건조,맑음,단일로 - 기타,승용,남,77세,상해없음,승용,여,40세,경상
2020032400100051,2020년 3월 24일 06시,화요일,경상남도 밀양시 교동,경상사고,0,0,2,1,차대차 - 측면충돌,안전운전불이행,건조,흐림,단일로 - 기타,건설기계,남,52세,부상신고,승용,남,39세,경상
2020032400100066,2020년 3월 24일 07시,화요일,경상남도 밀양시 초동면,중상사고,0,4,1,0,차대차 - 측면충돌,신호위반,건조,맑음,교차로 - 교차로안,승용,남,56세,상해없음,화물,남,60세,경상
2020032400100327,2020년 3월 24일 15시,화요일,경상남도 밀양시 교동,경상사고,0,0,1,0,차대차 - 추돌,안전운전불이행,건조,맑음,단일로 - 기타,승용,여,18세,상해없음,화물,남,60세,경상
2020032500100254,2020년 3월 25일 13시,수요일,경상남도 밀양시 삼문동,경상사고,0,0,1,0,차대사람 - 횡단중,안전운전불이행,건조,맑음,단일로 - 기타,승용,여,70세,상해없음,보행자,남,10세,경상
2020032600100295,2020년 3월 26일 16시,목요일,경상남도 밀양시 산내면,중상사고,0,1,0,0,차대차 - 측면충돌,중앙선침범,건조,맑음,단일로 - 기타,승용,남,57세,상해없음,이륜,남,60세,중상
2020032700100337,2020년 3월 27일 16시,금요일,경상남도 밀양시 가곡동,경상사고,0,0,1,0,차대사람 - 횡단중,안전운전불이행,건조,맑음,단일로 - 기타,승용,여,54세,상해없음,보행자,여,22세,경상
2020032900100128,2020년 3월 29일 11시,일요일,경상남도 밀양시 삼랑진읍,경상사고,0,0,4,0,차대차 - 측면충돌,안전운전불이행,건조,맑음,단일로 - 기타,승용,남,36세,상해없음,승용,여,40세,경상
2020040100100170,2020년 4월 1일 11시,수요일,경상남도 밀양시 삼문동,중상사고,0,1,0,0,차대차 - 측면충돌,안전운전불이행,건조,맑음,교차로 - 교차로안,화물,여,54세,상해없음,자전거,남,11세,중상
2020040100100294,2020년 4월 1일 15시,수요일,경상남도 밀양시 삼랑진읍,중상사고,0,1,0,0,차대사람 - 기타,안전운전불이행,건조,맑음,교차로 - 교차로부근,승용,여,63세,상해없음,보행자,여,84세,중상
2020040600100134,2020년 4월 6일 09시,월요일,경상남도 밀양시 상남면,경상사고,0,0,1,0,차대차 - 추돌,안전운전불이행,건조,맑음,단일로 - 기타,승용,남,33세,상해없음,화물,남,50세,경상
2020040600100190,2020년 4월 6일 11시,월요일,경상남도 밀양시 삼랑진읍,중상사고,0,1,0,0,차대차 - 기타,안전운전불이행,건조,맑음,단일로 - 기타,승용,여,61세,상해없음,자전거,남,61세,중상
2020040700100360,2020년 4월 7일 17시,화요일,경상남도 밀양시 내일동,경상사고,0,0,1,0,차대차 - 추돌,안전운전불이행,건조,맑음,단일로 - 기타,승용,여,33세,상해없음,승용,여,62세,경상
2020040800100174,2020년 4월 8일 10시,수요일,경상남도 밀양시 내이동,중상사고,0,1,0,0,차대사람 - 기타,기타,건조,맑음,기타 - 기타,화물,남,55세,상해없음,보행자,남,24세,중상
2020041100100178,2020년 4월 11일 11시,토요일,경상남도 밀양시 하남읍,중상사고,0,1,0,0,차대차 - 측면충돌,안전운전불이행,건조,맑음,교차로 - 교차로안,승용,여,47세,상해없음,화물,남,60세,중상
2020041300100149,2020년 4월 13일 10시,월요일,경상남도 밀양시 삼문동,경상사고,0,0,2,0,차대차 - 측면충돌,신호위반,건조,맑음,교차로 - 교차로안,승용,남,43세,경상,승용,남,26세,경상
2020041400100320,2020년 4월 14일 15시,화요일,경상남도 밀양시 삼문동,경상사고,0,0,2,0,차대차 - 측면충돌,교차로운행방법위반,건조,맑음,교차로 - 교차로안,승용,남,58세,상해없음,승용,여,47세,경상
2020041400100493,2020년 4월 14일 19시,화요일,경상남도 밀양시 초동면,경상사고,0,0,1,0,차대차 - 측면충돌,안전운전불이행,건조,맑음,단일로 - 기타,승용,남,41세,상해없음,승용,여,49세,경상
2020041500100281,2020년 4월 15일 15시,수요일,경상남도 밀양시 삼문동,중상사고,0,1,0,0,차대차 - 측면충돌,안전운전불이행,건조,맑음,단일로 - 기타,승용,남,57세,상해없음,이륜,여,70세,중상
2020041600100505,2020년 4월 16일 22시,목요일,경상남도 밀양시 내이동,경상사고,0,0,4,0,차대차 - 추돌,안전운전불이행,건조,흐림,교차로 - 교차로안,승용,남,65세,상해없음,승용,남,42세,경상
2020042000100240,2020년 4월 20일 13시,월요일,경상남도 밀양시 삼문동,경상사고,0,0,1,0,차대차 - 측면충돌,안전운전불이행,건조,맑음,단일로 - 기타,승용,남,62세,상해없음,승용,남,63세,경상
2020042000100241,2020년 4월 20일 13시,월요일,경상남도 밀양시 무안면,경상사고,0,0,2,0,차대차 - 측면충돌,안전운전불이행,건조,맑음,교차로 - 교차로안,승용,여,62세,경상,승합,여,32세,경상
2020042100100137,2020년 4월 21일 10시,화요일,경상남도 밀양시 산외면,중상사고,0,1,0,0,차대차 - 측면충돌,안전운전불이행,건조,맑음,단일로 - 기타,승용,남,48세,중상,화물,남,57세,상해없음
2020042100100203,2020년 4월 21일 12시,화요일,경상남도 밀양시 가곡동,중상사고,0,2,0,0,차대차 - 측면충돌,안전운전불이행,건조,맑음,단일로 - 교량,승용,남,68세,상해없음,승용,남,41세,중상
2020042100100439,2020년 4월 21일 19시,화요일,경상남도 밀양시 삼문동,경상사고,0,0,1,0,차대사람 - 횡단중,안전운전불이행,건조,맑음,단일로 - 기타,원동기,남,30세,상해없음,보행자,여,59세,경상
2020042200100147,2020년 4월 22일 10시,수요일,경상남도 밀양시 활성동,경상사고,0,0,1,0,차대차 - 측면충돌,안전거리미확보,건조,맑음,단일로 - 기타,화물,남,22세,상해없음,승용,여,59세,경상
2020042200100539,2020년 4월 22일 23시,수요일,경상남도 밀양시 삼문동,부상신고사고,0,0,0,1,차대사람 - 횡단중,안전운전불이행,건조,맑음,교차로 - 교차로안,승용,여,49세,상해없음,보행자,남,50세,부상신고