사고번호,사고일시,요일,시군구,사고내용,사망자수,중상자수,경상자수,부상신고자수,사고유형,법규위반,노면상태,기상상태,도로형태,가해운전자 차종,가해운전자 성별,가해운전자 연령,가해운전자 상해정도,피해운전자 차종,피해운전자 성별,피해운전자 연령,피해운전자 상해정도
2020042300100260,2020년 4월 23일 14시,목요일,경상남도 밀양시 하남읍,중상사고,0,2,1,0,차대차 - 측면충돌,중앙선침범,건조,맑음,단일로 - 교량,승용,여,44세,상해없음,화물,남,43세,중상
2020042500100238,2020년 4월 25일 12시,토요일,경상남도 밀양시 내이동,경상사고,0,0,1,0,차대차 - 측면충돌,안전운전불이행,건조,맑음,교차로 - 교차로안,승용,여,34세,상해없음,자전거,남,69세,경상
2020042500100371,2020년 4월 25일 16시,토요일,경상남도 밀양시 가곡동,중상사고,0,1,0,0,차대차 - 측면충돌,안전운전불이행,건조,맑음,교차로 - 교차로안,원동기,남,19세,중상,화물,남,60세,상해없음
2020042600100135,2020년 4월 26일 10시,일요일,경상남도 밀양시 초동면,중상사고,0,1,0,0,차대차 - 측면충돌,신호위반,건조,맑음,교차로 - 교차로부근,화물,남,61세,기타불명,원동기,남,62세,중상
2020042600100222,2020년 4월 26일 14시,일요일,경상남도 밀양시 하남읍,부상신고사고,0,0,0,1,차대차 - 기타,안전운전불이행,건조,맑음,단일로 - 기타,자전거,여,17세,부상신고,승용,남,58세,상해없음
2020042600100257,2020년 4월 26일 15시,일요일,경상남도 밀양시 내이동,경상사고,0,0,4,0,차대차 - 추돌,안전운전불이행,건조,맑음,교차로 - 교차로부근,승용,남,59세,상해없음,승용,남,47세,경상
2020042700100198,2020년 4월 27일 11시,월요일,경상남도 밀양시 내이동,경상사고,0,0,2,0,차대차 - 측면충돌,안전운전불이행,건조,맑음,교차로 - 교차로안,승용,남,53세,상해없음,승용,여,60세,경상
2020042900100301,2020년 4월 29일 14시,수요일,경상남도 밀양시 산내면,중상사고,0,1,0,0,차대차 - 측면충돌,교차로운행방법위반,건조,맑음,교차로 - 교차로안,승용,여,37세,상해없음,사륜오토바이(ATV),남,80세,중상
2020043000100059,2020년 4월 30일 04시,목요일,경상남도 밀양시 가곡동,중상사고,0,1,0,0,차대차 - 기타,안전운전불이행,건조,맑음,단일로 - 터널,승용,남,35세,상해없음,화물,남,46세,상해없음
2020043000100276,2020년 4월 30일 13시,목요일,경상남도 밀양시 삼문동,경상사고,0,0,1,0,차대차 - 측면충돌,신호위반,건조,맑음,교차로 - 교차로부근,화물,남,39세,상해없음,승용,남,28세,경상
2020043000100404,2020년 4월 30일 16시,목요일,경상남도 밀양시 상남면,경상사고,0,0,1,0,차량단독 - 공작물충돌,안전운전불이행,건조,맑음,단일로 - 기타,화물,남,74세,경상,,,,
2020050100100029,2020년 5월 1일 02시,금요일,경상남도 밀양시 하남읍,경상사고,0,0,1,0,차대차 - 측면충돌,안전운전불이행,건조,맑음,단일로 - 기타,화물,남,53세,상해없음,자전거,남,48세,경상
2020050200100423,2020년 5월 2일 18시,토요일,경상남도 밀양시 내이동,중상사고,0,1,0,0,차대사람 - 횡단중,안전운전불이행,건조,맑음,단일로 - 기타,승용,여,66세,상해없음,보행자,여,80세,중상
2020050300100318,2020년 5월 3일 18시,일요일,경상남도 밀양시 교동,경상사고,0,0,1,0,차대차 - 측면충돌,안전운전불이행,젖음/습기,비,단일로 - 기타,승용,남,62세,상해없음,승용,여,62세,경상
2020050400100263,2020년 5월 4일 13시,월요일,경상남도 밀양시 가곡동,경상사고,0,0,1,0,차대차 - 측면충돌,중앙선침범,건조,맑음,단일로 - 기타,승용,남,70세,상해없음,승용,남,34세,경상
2020050400100264,2020년 5월 4일 13시,월요일,경상남도 밀양시 무안면,경상사고,0,0,2,0,차대차 - 측면충돌,안전운전불이행,건조,맑음,교차로 - 교차로안,승용,남,60세,경상,화물,남,77세,경상
2020050600100284,2020년 5월 6일 13시,수요일,경상남도 밀양시 하남읍,경상사고,0,0,1,0,차대차 - 측면충돌,안전운전불이행,건조,맑음,교차로 - 교차로안,승용,여,40세,상해없음,이륜,남,63세,경상
2020050600100471,2020년 5월 6일 17시,수요일,경상남도 밀양시 교동,경상사고,0,0,1,0,차대차 - 추돌,안전운전불이행,건조,맑음,단일로 - 기타,승용,남,60세,상해없음,승용,여,35세,경상
2020050700100091,2020년 5월 7일 07시,목요일,경상남도 밀양시 가곡동,경상사고,0,0,1,0,차대차 - 측면충돌,안전운전불이행,건조,맑음,교차로 - 교차로부근,화물,남,37세,상해없음,승용,남,32세,경상
2020050700100171,2020년 5월 7일 09시,목요일,경상남도 밀양시 무안면,중상사고,0,1,0,0,차대차 - 측면충돌,안전운전불이행,건조,맑음,단일로 - 기타,화물,남,60세,상해없음,원동기,남,75세,중상
2020050700100212,2020년 5월 7일 10시,목요일,경상남도 밀양시 상남면,중상사고,0,1,0,0,차대차 - 측면충돌,안전거리미확보,건조,맑음,단일로 - 기타,화물,남,80세,상해없음,화물,남,49세,중상
2020050700100252,2020년 5월 7일 11시,목요일,경상남도 밀양시 삼문동,경상사고,0,0,3,0,차대차 - 측면충돌,안전운전불이행,건조,맑음,교차로 - 교차로안,승용,남,23세,상해없음,승용,남,21세,경상
2020050700100492,2020년 5월 7일 17시,목요일,경상남도 밀양시 내일동,중상사고,0,1,0,0,차대사람 - 횡단중,안전운전불이행,건조,맑음,교차로 - 교차로횡단보도내,승용,여,71세,상해없음,보행자,남,57세,중상
2020050800100131,2020년 5월 8일 09시,금요일,경상남도 밀양시 내이동,중상사고,0,7,3,0,차대차 - 정면충돌,안전운전불이행,건조,맑음,단일로 - 기타,승용,남,87세,중상,승용,남,45세,경상
2020051000100350,2020년 5월 10일 20시,일요일,경상남도 밀양시 무안면,중상사고,0,1,0,0,차대차 - 측면충돌,안전운전불이행,건조,맑음,단일로 - 기타,화물,남,58세,상해없음,자전거,남,63세,중상
2020051400100421,2020년 5월 14일 17시,목요일,경상남도 밀양시 교동,경상사고,0,0,1,0,차대사람 - 횡단중,안전운전불이행,건조,맑음,단일로 - 기타,승용,여,58세,상해없음,보행자,남,13세,경상
2020051600100191,2020년 5월 16일 11시,토요일,경상남도 밀양시 삼문동,경상사고,0,0,1,0,차대차 - 측면충돌,안전운전불이행,건조,맑음,단일로 - 기타,특수,남,52세,상해없음,승용,남,28세,경상
2020051700100102,2020년 5월 17일 09시,일요일,경상남도 밀양시 상동면,경상사고,0,0,1,0,차대사람 - 횡단중,안전운전불이행,건조,맑음,단일로 - 기타,승용,남,67세,상해없음,보행자,남,5세,경상
2020051900100266,2020년 5월 19일 14시,화요일,경상남도 밀양시 상남면,경상사고,0,0,1,0,차대사람 - 길가장자리구역통행중,안전운전불이행,건조,맑음,교차로 - 교차로안,건설기계,남,57세,상해없음,보행자,남,11세,경상
2020052000100158,2020년 5월 20일 09시,수요일,경상남도 밀양시 내이동,경상사고,0,0,1,0,차대차 - 측면충돌,신호위반,건조,맑음,교차로 - 교차로안,화물,남,67세,상해없음,승용,남,49세,경상
2020052100100026,2020년 5월 21일 04시,목요일,경상남도 밀양시 삼문동,중상사고,0,1,0,0,차대차 - 추돌,안전운전불이행,건조,맑음,단일로 - 기타,승용,남,19세,중상,화물,남,56세,기타불명
2020052100100322,2020년 5월 21일 14시,목요일,경상남도 밀양시 상동면,경상사고,0,0,2,0,차대차 - 측면충돌,중앙선침범,건조,맑음,단일로 - 기타,이륜,남,27세,상해없음,승용,남,59세,경상
2020052200100107,2020년 5월 22일 08시,금요일,경상남도 밀양시 상남면,경상사고,0,0,1,0,차대차 - 측면충돌,안전운전불이행,건조,맑음,단일로 - 기타,화물,남,57세,상해없음,승용,남,49세,경상
2020052400100183,2020년 5월 24일 12시,일요일,경상남도 밀양시 삼랑진읍,중상사고,0,1,0,0,차대차 - 측면충돌,중앙선침범,건조,맑음,기타 - 기타,승용,남,84세,상해없음,자전거,남,33세,중상
2020052400100212,2020년 5월 24일 13시,일요일,경상남도 밀양시 내이동,경상사고,0,0,4,0,차대차 - 측면충돌,신호위반,건조,맑음,교차로 - 교차로안,승용,여,46세,경상,화물,남,59세,경상
2020052500100062,2020년 5월 25일 07시,월요일,경상남도 밀양시 삼문동,경상사고,0,0,1,0,차대차 - 추돌,안전운전불이행,건조,맑음,단일로 - 교량,승용,남,21세,상해없음,승용,여,63세,경상
2020052500100063,2020년 5월 25일 07시,월요일,경상남도 밀양시 부북면,중상사고,0,1,1,0,차대차 - 측면충돌,신호위반,건조,흐림,교차로 - 교차로안,승용,남,23세,경상,승용,남,21세,중상
2020052500100599,2020년 5월 25일 23시,월요일,경상남도 밀양시 삼문동,경상사고,0,0,1,0,차대차 - 측면충돌,안전운전불이행,건조,흐림,교차로 - 교차로안,승용,남,27세,상해없음,자전거,여,59세,경상
2020052600100047,2020년 5월 26일 05시,화요일,경상남도 밀양시 하남읍,중상사고,0,1,0,0,차대차 - 측면충돌,안전운전불이행,건조,맑음,교차로 - 교차로안,승용,남,41세,상해없음,이륜,남,52세,중상
2020052800100179,2020년 5월 28일 10시,목요일,경상남도 밀양시 산외면,경상사고,0,0,1,0,차대차 - 측면충돌,신호위반,건조,맑음,단일로 - 터널,특수,남,67세,상해없음,승용,남,27세,경상
2020052800100262,2020년 5월 28일 12시,목요일,경상남도 밀양시 가곡동,경상사고,0,0,1,0,차대차 - 후진중충돌,기타,건조,맑음,단일로 - 기타,화물,남,67세,상해없음,승용,여,27세,기타불명
2020052900100360,2020년 5월 29일 14시,금요일,경상남도 밀양시 무안면,중상사고,0,1,0,0,차대차 - 추돌,안전운전불이행,건조,맑음,교차로 - 교차로부근,승용,여,70세,상해없음,원동기,남,79세,중상
2020053000100068,2020년 5월 30일 04시,토요일,경상남도 밀양시 삼문동,경상사고,0,0,1,0,차대차 - 추돌,안전운전불이행,건조,맑음,단일로 - 기타,승용,남,22세,경상,승용,남,46세,기타불명
2020053000100452,2020년 5월 30일 16시,토요일,경상남도 밀양시 삼문동,중상사고,0,1,0,1,차대차 - 측면충돌,안전운전불이행,건조,맑음,단일로 - 기타,승용,남,62세,부상신고,승용,여,51세,중상
2020053000100607,2020년 5월 30일 21시,토요일,경상남도 밀양시 단장면,중상사고,0,2,3,1,차대차 - 측면충돌,중앙선침범,건조,흐림,단일로 - 기타,승용,남,66세,상해없음,승용,남,29세,중상
2020053100100145,2020년 5월 31일 11시,일요일,경상남도 밀양시 내이동,경상사고,0,0,1,0,차대차 - 측면충돌,교차로운행방법위반,건조,맑음,교차로 - 교차로안,특수,남,48세,상해없음,승용,여,26세,경상
2020053100100239,2020년 5월 31일 14시,일요일,경상남도 밀양시 청도면,경상사고,0,0,1,0,차대차 - 측면충돌,중앙선침범,건조,맑음,단일로 - 기타,승용,남,30세,상해없음,승용,남,34세,경상
2020053100100267,2020년 5월 31일 15시,일요일,경상남도 밀양시 부북면,중상사고,0,1,1,0,차대차 - 측면충돌,교차로운행방법위반,건조,맑음,기타 - 기타,승용,여,61세,상해없음,이륜,남,71세,중상
2020060200100111,2020년 6월 2일 08시,화요일,경상남도 밀양시 삼문동,경상사고,0,0,1,0,차대차 - 측면충돌,안전운전불이행,건조,맑음,교차로 - 교차로안,승용,여,38세,상해없음,승용,여,35세,경상
2020060200100261,2020년 6월 2일 12시,화요일,경상남도 밀양시 삼랑진읍,중상사고,0,2,2,0,차대차 - 측면충돌,신호위반,건조,맑음,교차로 - 교차로안,승용,남,34세,상해없음,승용,여,76세,중상
2020060400100446,2020년 6월 4일 17시,목요일,경상남도 밀양시 내이동,경상사고,0,0,1,0,차대차 - 추돌,안전운전불이행,건조,맑음,교차로 - 교차로부근,화물,남,72세,상해없음,승용,남,78세,경상
2020060500100179,2020년 6월 5일 10시,금요일,경상남도 밀양시 청도면,부상신고사고,0,0,0,1,차대사람 - 기타,안전운전불이행,건조,맑음,단일로 - 기타,기타불명,기타불명,미분류,기타불명,보행자,여,85세,부상신고
2020060600100162,2020년 6월 6일 10시,토요일,경상남도 밀양시 상남면,경상사고,0,0,1,0,차대차 - 추돌,안전운전불이행,건조,맑음,단일로 - 기타,건설기계,남,53세,상해없음,승용,남,43세,경상
2020060600100389,2020년 6월 6일 16시,토요일,경상남도 밀양시 삼문동,경상사고,0,0,5,0,차대차 - 측면충돌,중앙선침범,건조,맑음,단일로 - 기타,승용,남,62세,상해없음,승용,여,30세,경상
2020060700100100,2020년 6월 7일 08시,일요일,경상남도 밀양시 삼문동,부상신고사고,0,0,0,1,차대차 - 측면충돌,안전운전불이행,건조,맑음,교차로 - 교차로안,자전거,남,25세,부상신고,승용,여,47세,상해없음
2020060800100210,2020년 6월 8일 10시,월요일,경상남도 밀양시 내이동,경상사고,0,0,1,0,차대차 - 측면충돌,안전운전불이행,건조,맑음,교차로 - 교차로안,승용,여,45세,상해없음,승용,여,75세,경상
2020060900100124,2020년 6월 9일 08시,화요일,경상남도 밀양시 삼문동,중상사고,0,1,0,0,차대사람 - 기타,안전운전불이행,건조,맑음,단일로 - 기타,승용,여,38세,상해없음,보행자,남,8세,중상
2020060900100401,2020년 6월 9일 15시,화요일,경상남도 밀양시 삼문동,부상신고사고,0,0,0,1,차대차 - 기타,안전운전불이행,건조,맑음,단일로 - 기타,자전거,여,37세,부상신고,승합,남,34세,상해없음
2020060900100555,2020년 6월 9일 18시,화요일,경상남도 밀양시 내이동,경상사고,0,0,1,0,차대차 - 측면충돌,안전운전불이행,건조,맑음,교차로 - 교차로안,승용,여,44세,상해없음,승용,남,28세,경상
2020061100100103,2020년 6월 11일 07시,목요일,경상남도 밀양시 무안면,중상사고,0,1,0,0,차대사람 - 기타,안전운전불이행,건조,맑음,단일로 - 기타,승용,남,55세,상해없음,보행자,남,79세,중상
2020061100100193,2020년 6월 11일 10시,목요일,경상남도 밀양시 초동면,중상사고,0,2,0,0,차대차 - 측면충돌,안전운전불이행,건조,맑음,단일로 - 기타,승용,여,57세,상해없음,이륜,남,77세,중상
2020061300100121,2020년 6월 13일 07시,토요일,경상남도 밀양시 삼랑진읍,사망사고,1,0,0,0,차량단독 - 공작물충돌,안전운전불이행,젖음/습기,맑음,단일로 - 지하차도(도로)내,자전거,남,73세,사망,,,,
2020061300100426,2020년 6월 13일 16시,토요일,경상남도 밀양시 내일동,경상사고,0,0,1,0,차대차 - 측면충돌,중앙선침범,건조,맑음,단일로 - 기타,승용,남,22세,상해없음,승용,남,72세,경상
2020061300100537,2020년 6월 13일 19시,토요일,경상남도 밀양시 삼문동,경상사고,0,0,1,0,차대사람 - 길가장자리구역통행중,안전운전불이행,건조,맑음,교차로 - 교차로부근,승용,남,51세,상해없음,보행자,남,51세,경상
2020061400100133,2020년 6월 14일 10시,일요일,경상남도 밀양시 단장면,경상사고,0,0,1,0,차대차 - 추돌,기타,젖음/습기,비,단일로 - 교량,승용,여,57세,상해없음,화물,남,68세,경상
2020061400100416,2020년 6월 14일 19시,일요일,경상남도 밀양시 하남읍,중상사고,0,1,0,0,차대차 - 측면충돌,안전운전불이행,건조,맑음,단일로 - 기타,이륜,남,68세,중상,승용,남,49세,상해없음
2020061500100116,2020년 6월 15일 08시,월요일,경상남도 밀양시 하남읍,중상사고,0,1,1,0,차대차 - 추돌,안전운전불이행,건조,맑음,단일로 - 기타,화물,남,22세,상해없음,승용,남,66세,경상
2020061500100117,2020년 6월 15일 08시,월요일,경상남도 밀양시 삼랑진읍,중상사고,0,1,0,0,차대차 - 측면충돌,안전운전불이행,건조,맑음,교차로 - 교차로안,화물,남,53세,상해없음,승합,남,55세,기타불명
2020061500100272,2020년 6월 15일 12시,월요일,경상남도 밀양시 산내면,중상사고,0,1,0,0,차대사람 - 보도통행중,안전운전불이행,건조,맑음,단일로 - 기타,건설기계,남,47세,상해없음,보행자,남,87세,중상
2020061600100426,2020년 6월 16일 16시,화요일,경상남도 밀양시 내일동,부상신고사고,0,0,0,1,차대차 - 측면충돌,안전운전불이행,건조,맑음,단일로 - 기타,승용,여,64세,상해없음,승용,남,71세,부상신고
2020061600100472,2020년 6월 16일 17시,화요일,경상남도 밀양시 삼문동,중상사고,0,1,0,0,차대차 - 측면충돌,신호위반,건조,맑음,교차로 - 교차로부근,승용,여,36세,상해없음,자전거,남,11세,중상
2020061700100131,2020년 6월 17일 08시,수요일,경상남도 밀양시 하남읍,경상사고,0,0,1,0,차대사람 - 길가장자리구역통행중,안전운전불이행,건조,맑음,교차로 - 교차로부근,승용,여,42세,상해없음,보행자,여,17세,경상
2020061700100370,2020년 6월 17일 15시,수요일,경상남도 밀양시 하남읍,중상사고,0,1,0,0,차대사람 - 길가장자리구역통행중,안전운전불이행,건조,맑음,단일로 - 기타,화물,남,77세,상해없음,보행자,남,78세,중상
2020061800100408,2020년 6월 18일 16시,목요일,경상남도 밀양시 산외면,사망사고,1,0,0,0,차량단독 - 공작물충돌,안전운전불이행,젖음/습기,비,단일로 - 기타,원동기,남,43세,사망,,,,
2020061900100047,2020년 6월 19일 05시,금요일,경상남도 밀양시 하남읍,경상사고,0,0,1,0,차대차 - 추돌,안전거리미확보,건조,맑음,단일로 - 기타,화물,남,60세,상해없음,승용,남,47세,경상
2020061900100156,2020년 6월 19일 09시,금요일,경상남도 밀양시 삼랑진읍,중상사고,0,1,0,0,차대사람 - 횡단중,안전운전불이행,건조,맑음,단일로 - 기타,승용,여,26세,상해없음,보행자,여,77세,중상
2020061900100508,2020년 6월 19일 17시,금요일,경상남도 밀양시 내이동,경상사고,0,0,1,0,차대사람 - 기타,기타,건조,맑음,단일로 - 기타,자전거,남,63세,기타불명,보행자,여,47세,경상
2020061900100745,2020년 6월 19일 23시,금요일,경상남도 밀양시 삼문동,경상사고,0,0,1,0,차대차 - 측면충돌,안전운전불이행,건조,흐림,교차로 - 교차로안,원동기,남,45세,상해없음,원동기,남,48세,경상
2020062000100216,2020년 6월 20일 11시,토요일,경상남도 밀양시 부북면,중상사고,0,1,0,1,차대차 - 측면충돌,중앙선침범,건조,맑음,교차로 - 교차로안,승용,남,60세,상해없음,원동기,남,78세,중상
2020062000100275,2020년 6월 20일 12시,토요일,경상남도 밀양시 삼랑진읍,경상사고,0,0,3,0,차대차 - 측면충돌,안전운전불이행,건조,맑음,교차로 - 교차로안,원동기,남,62세,경상,화물,남,71세,경상
2020062100100150,2020년 6월 21일 10시,일요일,경상남도 밀양시 무안면,부상신고사고,0,0,0,1,차대차 - 측면충돌,안전운전불이행,건조,맑음,교차로 - 교차로안,이륜,여,62세,부상신고,승용,남,58세,상해없음
2020062100100206,2020년 6월 21일 12시,일요일,경상남도 밀양시 삼랑진읍,경상사고,0,0,1,0,차대차 - 추돌,안전운전불이행,건조,맑음,교차로 - 교차로부근,승용,남,72세,상해없음,승용,여,40세,경상
2020062100100256,2020년 6월 21일 14시,일요일,경상남도 밀양시 무안면,경상사고,0,0,1,0,차대차 - 측면충돌,교차로운행방법위반,건조,맑음,교차로 - 교차로안,화물,남,61세,상해없음,승용,여,65세,경상
2020062200100085,2020년 6월 22일 07시,월요일,경상남도 밀양시 상남면,경상사고,0,0,1,0,차대차 - 측면충돌,신호위반,건조,맑음,교차로 - 교차로안,승용,남,28세,상해없음,승용,남,31세,경상
2020062300100046,2020년 6월 23일 05시,화요일,경상남도 밀양시 하남읍,중상사고,0,1,0,0,차대차 - 기타,안전운전불이행,건조,맑음,교차로 - 교차로부근,화물,남,61세,중상,화물,남,47세,기타불명
2020062300100088,2020년 6월 23일 07시,화요일,경상남도 밀양시 하남읍,경상사고,0,0,1,0,차대차 - 측면충돌,안전운전불이행,건조,맑음,교차로 - 교차로부근,화물,남,54세,상해없음,화물,남,71세,경상
2020062300100136,2020년 6월 23일 08시,화요일,경상남도 밀양시 내이동,경상사고,0,0,1,2,차대차 - 측면충돌,신호위반,건조,맑음,교차로 - 교차로안,승용,여,42세,상해없음,승용,남,65세,경상
2020062300100647,2020년 6월 23일 21시,화요일,경상남도 밀양시 산외면,경상사고,0,0,1,0,차대차 - 측면충돌,안전운전불이행,건조,흐림,교차로 - 교차로안,승용,남,63세,상해없음,승용,남,42세,경상
2020062400100531,2020년 6월 24일 19시,수요일,경상남도 밀양시 삼문동,경상사고,0,0,2,0,차대차 - 추돌,안전운전불이행,건조,맑음,단일로 - 기타,승용,남,45세,상해없음,승용,남,27세,경상
2020062400100532,2020년 6월 24일 19시,수요일,경상남도 밀양시 삼문동,중상사고,0,2,2,0,차대차 - 추돌,안전운전불이행,건조,맑음,단일로 - 기타,승용,남,68세,상해없음,승용,남,55세,중상
2020062400100661,2020년 6월 24일 22시,수요일,경상남도 밀양시 삼문동,중상사고,0,1,0,0,차대차 - 측면충돌,안전운전불이행,젖음/습기,비,교차로 - 교차로안,승용,여,26세,상해없음,승용,남,42세,중상
2020062500100351,2020년 6월 25일 15시,목요일,경상남도 밀양시 가곡동,중상사고,0,1,0,0,차대차 - 측면충돌,교차로운행방법위반,건조,맑음,교차로 - 교차로안,승용,남,76세,상해없음,자전거,여,50세,중상
2020062500100593,2020년 6월 25일 22시,목요일,경상남도 밀양시 가곡동,부상신고사고,0,0,0,1,차대차 - 측면충돌,안전운전불이행,건조,흐림,단일로 - 기타,승용,남,36세,상해없음,승용,남,46세,부상신고
2020062700100060,2020년 6월 27일 03시,토요일,경상남도 밀양시 산외면,중상사고,0,1,0,0,차대차 - 추돌,안전운전불이행,건조,맑음,단일로 - 기타,화물,남,47세,상해없음,특수,남,57세,중상
2020062800100197,2020년 6월 28일 12시,일요일,경상남도 밀양시 내이동,중상사고,0,2,0,0,차대차 - 추돌,안전운전불이행,건조,맑음,교차로 - 교차로부근,승용,남,82세,상해없음,이륜,남,42세,중상
2020062900100151,2020년 6월 29일 10시,월요일,경상남도 밀양시 삼랑진읍,중상사고,0,1,1,0,차대차 - 측면충돌,교차로운행방법위반,건조,맑음,교차로 - 교차로안,화물,남,54세,상해없음,승용,여,60세,중상
2020063000100441,2020년 6월 30일 18시,화요일,경상남도 밀양시 내이동,경상사고,0,0,1,0,차대차 - 측면충돌,신호위반,건조,맑음,교차로 - 교차로안,승용,남,52세,상해없음,원동기,여,47세,경상
2020063000100503,2020년 6월 30일 20시,화요일,경상남도 밀양시 하남읍,경상사고,0,0,6,0,차대차 - 측면충돌,안전운전불이행,건조,맑음,단일로 - 기타,승용,남,39세,상해없음,승합,여,35세,경상
2020070100100086,2020년 7월 1일 07시,수요일,경상남도 밀양시 삼랑진읍,사망사고,1,0,0,0,차대사람 - 길가장자리구역통행중,안전운전불이행,건조,맑음,교차로 - 교차로부근,건설기계,남,34세,상해없음,보행자,남,73세,사망
2020070100100113,2020년 7월 1일 08시,수요일,경상남도 밀양시 삼문동,경상사고,0,0,3,0,차대차 - 추돌,안전운전불이행,건조,맑음,단일로 - 기타,승용,남,61세,상해없음,승용,여,55세,경상
2020070200100076,2020년 7월 2일 07시,목요일,경상남도 밀양시 상남면,경상사고,0,0,1,0,차대차 - 측면충돌,중앙선침범,건조,맑음,단일로 - 기타,화물,여,60세,상해없음,승용,여,25세,경상
2020070300100253,2020년 7월 3일 12시,금요일,경상남도 밀양시 하남읍,경상사고,0,0,3,0,차대차 - 측면충돌,교차로운행방법위반,젖음/습기,비,교차로 - 교차로안,화물,남,48세,경상,승용,여,57세,경상
2020070300100354,2020년 7월 3일 15시,금요일,경상남도 밀양시 산외면,중상사고,0,1,0,0,차대사람 - 횡단중,안전운전불이행,건조,맑음,교차로 - 교차로안,승용,여,54세,상해없음,보행자,여,73세,중상
2020070400100559,2020년 7월 4일 20시,토요일,경상남도 밀양시 내이동,경상사고,0,0,2,0,차대차 - 측면충돌,안전운전불이행,건조,흐림,단일로 - 기타,승용,여,33세,상해없음,승용,남,55세,경상
2020070500100260,2020년 7월 5일 15시,일요일,경상남도 밀양시 상동면,경상사고,0,0,4,0,차대차 - 측면충돌,중앙선침범,건조,맑음,단일로 - 기타,승용,남,63세,경상,승용,남,43세,경상
2020070600100414,2020년 7월 6일 17시,월요일,경상남도 밀양시 무안면,경상사고,0,0,1,0,차대차 - 측면충돌,교차로운행방법위반,건조,맑음,교차로 - 교차로안,승용,남,57세,상해없음,화물,남,59세,경상
2020071100100421,2020년 7월 11일 16시,토요일,경상남도 밀양시 삼문동,경상사고,0,0,1,0,차대차 - 후진중충돌,안전운전불이행,건조,맑음,단일로 - 기타,승용,남,70세,상해없음,승용,남,34세,경상
2020071200100348,2020년 7월 12일 18시,일요일,경상남도 밀양시 가곡동,경상사고,0,0,2,0,차대차 - 측면충돌,교차로운행방법위반,젖음/습기,비,교차로 - 교차로안,화물,남,65세,상해없음,승용,남,56세,경상
2020071200100522,2020년 7월 12일 23시,일요일,경상남도 밀양시 교동,경상사고,0,0,1,0,차대차 - 측면충돌,신호위반,젖음/습기,비,교차로 - 교차로안,승용,여,48세,상해없음,승용,남,41세,경상
2020071300100477,2020년 7월 13일 19시,월요일,경상남도 밀양시 삼문동,경상사고,0,0,2,0,차대차 - 측면충돌,안전운전불이행,젖음/습기,흐림,단일로 - 기타,승용,남,66세,상해없음,승용,남,19세,경상
2020071400100140,2020년 7월 14일 08시,화요일,경상남도 밀양시 내일동,중상사고,0,1,0,0,차량단독 - 기타,안전운전불이행,젖음/습기,비,단일로 - 기타,승합,남,44세,상해없음,,,,
2020071400100447,2020년 7월 14일 17시,화요일,경상남도 밀양시 상남면,경상사고,0,0,1,0,차대차 - 측면충돌,안전운전불이행,젖음/습기,비,단일로 - 기타,승용,남,27세,상해없음,승용,여,34세,경상
2020071500100384,2020년 7월 15일 16시,수요일,경상남도 밀양시 산내면,중상사고,0,1,0,0,차대차 - 측면충돌,교차로운행방법위반,젖음/습기,흐림,교차로 - 교차로부근,화물,남,54세,상해없음,원동기,남,52세,중상
2020071600100004,2020년 7월 16일 00시,목요일,경상남도 밀양시 상남면,경상사고,0,0,1,0,차대차 - 추돌,안전운전불이행,젖음/습기,맑음,단일로 - 기타,화물,남,35세,상해없음,화물,남,62세,경상
2020071600100316,2020년 7월 16일 14시,목요일,경상남도 밀양시 상남면,중상사고,0,1,1,0,차대차 - 추돌,안전거리미확보,건조,맑음,단일로 - 기타,승용,남,40세,상해없음,승용,남,26세,경상
2020071600100466,2020년 7월 16일 17시,목요일,경상남도 밀양시 부북면,중상사고,0,1,0,0,차대차 - 측면충돌,안전운전불이행,건조,맑음,단일로 - 기타,화물,남,53세,상해없음,이륜,남,70세,중상
2020071700100044,2020년 7월 17일 05시,금요일,경상남도 밀양시 내이동,경상사고,0,0,1,2,차대차 - 측면충돌,안전운전불이행,건조,맑음,단일로 - 기타,승용,남,41세,부상신고,승용,남,39세,상해없음
2020071700100143,2020년 7월 17일 09시,금요일,경상남도 밀양시 상남면,경상사고,0,0,1,0,차대차 - 측면충돌,안전운전불이행,건조,맑음,단일로 - 기타,화물,남,45세,상해없음,이륜,남,61세,경상
2020071800100111,2020년 7월 18일 08시,토요일,경상남도 밀양시 무안면,중상사고,0,1,0,0,차대사람 - 길가장자리구역통행중,안전운전불이행,건조,맑음,단일로 - 기타,승용,남,78세,상해없음,보행자,여,81세,중상
2020071800100501,2020년 7월 18일 19시,토요일,경상남도 밀양시 단장면,경상사고,0,0,1,0,차대차 - 측면충돌,중앙선침범,건조,맑음,단일로 - 기타,승용,남,24세,상해없음,승용,남,31세,경상
2020071900100322,2020년 7월 19일 18시,일요일,경상남도 밀양시 부북면,중상사고,0,1,0,0,차대사람 - 길가장자리구역통행중,안전운전불이행,건조,맑음,교차로 - 교차로안,승용,여,34세,상해없음,보행자,여,79세,중상