사고번호,사고일시,요일,시군구,사고내용,사망자수,중상자수,경상자수,부상신고자수,사고유형,법규위반,노면상태,기상상태,도로형태,가해운전자 차종,가해운전자 성별,가해운전자 연령,가해운전자 상해정도,피해운전자 차종,피해운전자 성별,피해운전자 연령,피해운전자 상해정도
2020122100100341,2020년 12월 21일 15시,월요일,경상남도 밀양시 내이동,경상사고,0,0,2,0,차대차 - 측면충돌,안전운전불이행,건조,맑음,교차로 - 교차로부근,승용,남,58세,상해없음,승용,남,67세,경상
2020122200100240,2020년 12월 22일 13시,화요일,경상남도 밀양시 내이동,중상사고,0,1,1,0,차대차 - 측면충돌,신호위반,건조,맑음,교차로 - 교차로안,승용,여,43세,경상,이륜,남,41세,중상
2020122200100413,2020년 12월 22일 18시,화요일,경상남도 밀양시 부북면,중상사고,0,1,0,0,차대차 - 추돌,안전운전불이행,건조,맑음,단일로 - 기타,화물,남,68세,중상,화물,남,66세,상해없음
2020122400100094,2020년 12월 24일 08시,목요일,경상남도 밀양시 상남면,경상사고,0,0,1,0,차대차 - 측면충돌,신호위반,건조,맑음,교차로 - 교차로안,승용,남,70세,상해없음,승용,여,40세,경상
2020122400100540,2020년 12월 24일 19시,목요일,경상남도 밀양시 상남면,경상사고,0,0,1,0,차대사람 - 보도통행중,안전운전불이행,건조,흐림,단일로 - 기타,이륜,남,44세,상해없음,보행자,여,62세,경상
2020122400100621,2020년 12월 24일 21시,목요일,경상남도 밀양시 내일동,경상사고,0,0,1,0,차량단독 - 공작물충돌,안전운전불이행,건조,흐림,교차로 - 교차로안,승용,남,45세,경상,,,,
2020122600100183,2020년 12월 26일 14시,토요일,경상남도 밀양시 무안면,경상사고,0,0,1,0,차대사람 - 횡단중,보행자보호의무위반,건조,맑음,교차로 - 교차로횡단보도내,화물,남,66세,상해없음,보행자,여,44세,경상
2020122800100369,2020년 12월 28일 16시,월요일,경상남도 밀양시 내일동,중상사고,0,1,0,0,차대차 - 측면충돌,안전운전불이행,건조,맑음,교차로 - 교차로안,승용,남,64세,상해없음,이륜,남,62세,중상
2020122900100282,2020년 12월 29일 17시,화요일,경상남도 밀양시 용평동,중상사고,0,1,0,0,차대사람 - 횡단중,안전운전불이행,젖음/습기,비,교차로 - 교차로부근,승용,남,58세,상해없음,보행자,여,63세,중상
2020122900100330,2020년 12월 29일 18시,화요일,경상남도 밀양시 하남읍,사망사고,1,0,0,0,차대사람 - 길가장자리구역통행중,안전운전불이행,젖음/습기,비,단일로 - 기타,화물,남,26세,상해없음,보행자,남,88세,사망
2021010200100049,2021년 1월 2일 09시,토요일,경상남도 밀양시 내이동,중상사고,0,1,0,0,차대차 - 측면충돌,안전운전불이행,건조,맑음,교차로 - 교차로안,승용,여,64세,상해없음,승용,남,26세,중상
2021010200100062,2021년 1월 2일 10시,토요일,경상남도 밀양시 삼문동,경상사고,0,0,1,0,차량단독 - 전도전복 - 전도,안전운전불이행,건조,맑음,단일로 - 기타,사륜오토바이(ATV),남,79세,경상,,,,
2021010300100167,2021년 1월 3일 18시,일요일,경상남도 밀양시 상동면,중상사고,0,1,0,0,차대사람 - 횡단중,안전운전불이행,건조,맑음,단일로 - 기타,승용,남,51세,상해없음,보행자,여,74세,중상
2021010600100298,2021년 1월 6일 16시,수요일,경상남도 밀양시 삼문동,경상사고,0,0,1,0,차대사람 - 횡단중,보행자보호의무위반,건조,맑음,단일로 - 기타,원동기,남,18세,상해없음,보행자,여,15세,경상
2021010700100116,2021년 1월 7일 10시,목요일,경상남도 밀양시 내일동,중상사고,0,1,0,0,차대차 - 측면충돌,신호위반,건조,맑음,교차로 - 교차로안,화물,남,45세,상해없음,이륜,남,69세,중상
2021010800100093,2021년 1월 8일 10시,금요일,경상남도 밀양시 내이동,경상사고,0,0,3,0,차대차 - 측면충돌,안전운전불이행,건조,맑음,교차로 - 교차로안,화물,남,75세,상해없음,승용,여,46세,경상
2021010800100186,2021년 1월 8일 13시,금요일,경상남도 밀양시 부북면,중상사고,0,1,2,0,차량단독 - 공작물충돌,안전운전불이행,건조,맑음,단일로 - 기타,화물,남,76세,경상,,,,
2021010900100113,2021년 1월 9일 11시,토요일,경상남도 밀양시 내이동,경상사고,0,0,1,0,차대차 - 기타,안전운전불이행,건조,맑음,단일로 - 기타,화물,남,35세,경상,승용,여,65세,상해없음
2021011100100129,2021년 1월 11일 10시,월요일,경상남도 밀양시 상남면,경상사고,0,0,1,0,차대차 - 측면충돌,신호위반,건조,맑음,교차로 - 교차로안,승용,여,45세,상해없음,자전거,남,19세,경상
2021011100100246,2021년 1월 11일 14시,월요일,경상남도 밀양시 부북면,경상사고,0,0,2,0,차대차 - 정면충돌,중앙선침범,건조,맑음,단일로 - 기타,승용,남,48세,경상,화물,남,55세,경상
2021011200100110,2021년 1월 12일 10시,화요일,경상남도 밀양시 상남면,중상사고,0,1,0,0,차대차 - 측면충돌,중앙선침범,건조,맑음,단일로 - 기타,승용,여,60세,상해없음,자전거,남,43세,중상
2021011200100135,2021년 1월 12일 11시,화요일,경상남도 밀양시 내이동,중상사고,0,1,0,0,차대차 - 측면충돌,안전운전불이행,건조,맑음,단일로 - 기타,자전거,여,64세,중상,승용,남,63세,상해없음
2021011300100007,2021년 1월 13일 01시,수요일,경상남도 밀양시 하남읍,부상신고사고,0,0,0,1,차량단독 - 전도전복 - 전복,안전운전불이행,건조,맑음,단일로 - 기타,승용,여,51세,부상신고,,,,
2021011300100037,2021년 1월 13일 06시,수요일,경상남도 밀양시 상남면,경상사고,0,0,1,0,차대차 - 추돌,안전운전불이행,건조,맑음,단일로 - 기타,승용,남,51세,상해없음,승용,여,46세,경상
2021011300100140,2021년 1월 13일 10시,수요일,경상남도 밀양시 내일동,중상사고,0,1,0,0,차대차 - 측면충돌,안전운전불이행,건조,맑음,단일로 - 기타,자전거,여,78세,중상,승용,남,39세,상해없음
2021011300100297,2021년 1월 13일 16시,수요일,경상남도 밀양시 교동,경상사고,0,0,2,0,차대차 - 측면충돌,신호위반,건조,맑음,교차로 - 교차로안,승용,남,72세,경상,승용,여,60세,경상
2021011300100321,2021년 1월 13일 17시,수요일,경상남도 밀양시 무안면,중상사고,0,1,0,0,차대차 - 측면충돌,안전운전불이행,건조,맑음,단일로 - 기타,승용,여,21세,상해없음,농기계,남,76세,중상
2021011400100134,2021년 1월 14일 09시,목요일,경상남도 밀양시 내이동,중상사고,0,1,0,0,차대차 - 측면충돌,신호위반,건조,맑음,교차로 - 교차로안,승용,남,59세,상해없음,이륜,남,68세,중상
2021011400100172,2021년 1월 14일 10시,목요일,경상남도 밀양시 내이동,중상사고,0,1,0,0,차대차 - 측면충돌,신호위반,건조,맑음,교차로 - 교차로안,승용,여,74세,상해없음,승용,남,65세,중상
2021011400100295,2021년 1월 14일 14시,목요일,경상남도 밀양시 교동,경상사고,0,0,1,2,차대차 - 측면충돌,신호위반,건조,맑음,교차로 - 교차로안,승용,여,77세,상해없음,승용,여,61세,경상
2021011500100578,2021년 1월 15일 21시,금요일,경상남도 밀양시 삼문동,중상사고,0,2,0,0,차대차 - 측면충돌,안전운전불이행,건조,맑음,교차로 - 교차로안,승용,남,44세,상해없음,승용,남,50세,중상
2021011600100106,2021년 1월 16일 11시,토요일,경상남도 밀양시 삼문동,경상사고,0,0,2,0,차대차 - 측면충돌,교차로운행방법위반,건조,맑음,교차로 - 교차로안,승용,남,72세,경상,승용,여,51세,경상
2021011800100133,2021년 1월 18일 11시,월요일,경상남도 밀양시 삼문동,경상사고,0,0,1,0,차대차 - 측면충돌,안전운전불이행,건조,맑음,단일로 - 교량,건설기계,남,55세,상해없음,승용,여,67세,경상
2021012000100169,2021년 1월 20일 10시,수요일,경상남도 밀양시 산외면,경상사고,0,0,1,0,차대차 - 측면충돌,안전운전불이행,건조,맑음,교차로 - 교차로안,화물,남,62세,상해없음,이륜,남,82세,경상
2021012100100567,2021년 1월 21일 21시,목요일,경상남도 밀양시 내이동,경상사고,0,0,2,0,차대차 - 측면충돌,안전운전불이행,젖음/습기,비,교차로 - 교차로안,승용,남,59세,경상,승용,여,58세,경상
2021012300100288,2021년 1월 23일 16시,토요일,경상남도 밀양시 삼랑진읍,경상사고,0,0,3,0,차대차 - 측면충돌,안전운전불이행,건조,맑음,단일로 - 기타,화물,남,48세,상해없음,승용,남,34세,경상
2021012400100043,2021년 1월 24일 08시,일요일,경상남도 밀양시 삼랑진읍,중상사고,0,1,0,0,차량단독 - 기타,안전운전불이행,건조,맑음,단일로 - 기타,자전거,남,55세,중상,,,,
2021012500100142,2021년 1월 25일 10시,월요일,경상남도 밀양시 단장면,사망사고,1,1,0,0,차량단독 - 공작물충돌,안전운전불이행,건조,맑음,단일로 - 기타,승용,여,73세,사망,,,,
2021012500100178,2021년 1월 25일 11시,월요일,경상남도 밀양시 상남면,중상사고,0,1,0,0,차대차 - 정면충돌,중앙선침범,건조,맑음,교차로 - 교차로안,건설기계,남,44세,상해없음,화물,남,31세,중상
2021012500100479,2021년 1월 25일 19시,월요일,경상남도 밀양시 삼문동,중상사고,0,1,0,0,차대사람 - 횡단중,안전운전불이행,건조,맑음,단일로 - 기타,승용,남,64세,상해없음,보행자,여,74세,중상
2021012600100547,2021년 1월 26일 22시,화요일,경상남도 밀양시 청도면,중상사고,0,1,0,0,차량단독 - 공작물충돌,안전운전불이행,건조,맑음,단일로 - 기타,승용,남,18세,상해없음,,,,
2021012700100248,2021년 1월 27일 14시,수요일,경상남도 밀양시 교동,경상사고,0,0,2,0,차대차 - 측면충돌,안전운전불이행,건조,맑음,단일로 - 기타,승용,여,56세,상해없음,승용,여,30세,경상
2021012900100481,2021년 1월 29일 19시,금요일,경상남도 밀양시 내이동,경상사고,0,0,1,0,차대차 - 측면충돌,안전운전불이행,건조,맑음,단일로 - 기타,승용,남,43세,상해없음,승용,남,72세,경상
2021013000100310,2021년 1월 30일 16시,토요일,경상남도 밀양시 내이동,경상사고,0,0,5,0,차대차 - 측면충돌,안전운전불이행,건조,맑음,교차로 - 교차로안,승용,남,52세,경상,승용,여,45세,경상
2021013000100426,2021년 1월 30일 19시,토요일,경상남도 밀양시 삼문동,경상사고,0,0,1,0,차대차 - 측면충돌,신호위반,건조,맑음,교차로 - 교차로안,승용,남,72세,상해없음,승용,남,36세,경상
2021020100100445,2021년 2월 1일 20시,월요일,경상남도 밀양시 삼문동,경상사고,0,0,2,0,차대사람 - 길가장자리구역통행중,안전운전불이행,건조,맑음,교차로 - 교차로안,화물,남,30세,상해없음,보행자,여,55세,경상
2021020200100041,2021년 2월 2일 07시,화요일,경상남도 밀양시 내이동,경상사고,0,0,1,0,차대차 - 측면충돌,안전운전불이행,건조,맑음,교차로 - 교차로안,승용,여,56세,상해없음,이륜,여,69세,경상
2021020200100067,2021년 2월 2일 08시,화요일,경상남도 밀양시 상남면,경상사고,0,0,1,0,차대차 - 측면충돌,안전운전불이행,건조,맑음,교차로 - 교차로안,승용,남,80세,상해없음,원동기,남,67세,경상
2021020200100092,2021년 2월 2일 09시,화요일,경상남도 밀양시 무안면,경상사고,0,0,1,0,차대차 - 측면충돌,교차로운행방법위반,건조,맑음,교차로 - 교차로안,승용,남,72세,상해없음,승용,남,36세,경상
2021020200100333,2021년 2월 2일 17시,화요일,경상남도 밀양시 무안면,중상사고,0,1,0,0,차대차 - 측면충돌,안전운전불이행,건조,맑음,단일로 - 기타,화물,남,66세,상해없음,승용,여,53세,중상
2021020300100031,2021년 2월 3일 06시,수요일,경상남도 밀양시 하남읍,경상사고,0,0,1,0,차대차 - 측면충돌,안전운전불이행,건조,맑음,단일로 - 기타,화물,남,38세,상해없음,화물,남,69세,경상
2021020300100281,2021년 2월 3일 15시,수요일,경상남도 밀양시 단장면,경상사고,0,0,1,0,차대사람 - 길가장자리구역통행중,안전운전불이행,건조,맑음,단일로 - 기타,화물,남,41세,상해없음,보행자,여,74세,경상
2021020400100473,2021년 2월 4일 18시,목요일,경상남도 밀양시 무안면,중상사고,0,1,0,0,차대사람 - 횡단중,보행자보호의무위반,건조,맑음,교차로 - 교차로부근,화물,남,67세,상해없음,보행자,여,61세,중상
2021020500100148,2021년 2월 5일 11시,금요일,경상남도 밀양시 하남읍,중상사고,0,1,1,0,차대차 - 측면충돌,교차로운행방법위반,건조,맑음,교차로 - 교차로안,승용,여,52세,상해없음,승용,남,59세,경상
2021020600100114,2021년 2월 6일 11시,토요일,경상남도 밀양시 하남읍,부상신고사고,0,0,0,1,차대차 - 측면충돌,안전운전불이행,건조,맑음,단일로 - 기타,이륜,여,62세,부상신고,승용,남,45세,상해없음
2021020600100194,2021년 2월 6일 13시,토요일,경상남도 밀양시 산내면,경상사고,0,0,2,0,차대차 - 측면충돌,안전운전불이행,건조,맑음,단일로 - 기타,화물,남,55세,상해없음,화물,여,50세,경상
2021020700100078,2021년 2월 7일 10시,일요일,경상남도 밀양시 단장면,경상사고,0,0,2,0,차대차 - 측면충돌,중앙선침범,서리/결빙,맑음,단일로 - 기타,승용,남,57세,상해없음,승용,여,41세,경상
2021020800100234,2021년 2월 8일 12시,월요일,경상남도 밀양시 상남면,부상신고사고,0,0,0,1,차대차 - 추돌,안전운전불이행,건조,맑음,교차로 - 교차로부근,화물,남,23세,상해없음,화물,남,62세,부상신고
2021021000100408,2021년 2월 10일 16시,수요일,경상남도 밀양시 내일동,중상사고,0,1,0,0,차대사람 - 기타,안전운전불이행,건조,맑음,단일로 - 기타,승용,남,70세,기타불명,보행자,남,15세,중상
2021021200100122,2021년 2월 12일 14시,금요일,경상남도 밀양시 교동,경상사고,0,0,1,0,차대차 - 후진중충돌,안전운전불이행,건조,맑음,교차로 - 교차로안,화물,남,31세,상해없음,승용,남,38세,경상
2021021200100257,2021년 2월 12일 21시,금요일,경상남도 밀양시 가곡동,경상사고,0,0,1,0,차대차 - 측면충돌,안전운전불이행,건조,맑음,단일로 - 기타,승용,남,50세,상해없음,승용,남,37세,경상
2021021300100196,2021년 2월 13일 16시,토요일,경상남도 밀양시 삼랑진읍,경상사고,0,0,1,0,차대차 - 측면충돌,안전운전불이행,건조,맑음,교차로 - 교차로안,승용,남,53세,상해없음,승용,여,29세,경상
2021021500100391,2021년 2월 15일 19시,월요일,경상남도 밀양시 무안면,사망사고,1,0,0,0,차대사람 - 횡단중,안전운전불이행,건조,맑음,단일로 - 기타,화물,남,61세,상해없음,보행자,여,69세,사망
2021021600100148,2021년 2월 16일 11시,화요일,경상남도 밀양시 무안면,경상사고,0,0,1,0,차대차 - 측면충돌,안전운전불이행,건조,맑음,교차로 - 교차로안,승용,여,69세,상해없음,승용,남,73세,경상
2021021600100413,2021년 2월 16일 18시,화요일,경상남도 밀양시 삼문동,경상사고,0,0,1,0,차대차 - 측면충돌,신호위반,건조,맑음,교차로 - 교차로안,원동기,남,16세,상해없음,승용,여,64세,경상
2021021600100515,2021년 2월 16일 22시,화요일,경상남도 밀양시 상남면,중상사고,0,2,0,0,차대차 - 측면충돌,신호위반,건조,맑음,교차로 - 교차로안,승용,남,22세,상해없음,화물,남,63세,중상
2021021700100183,2021년 2월 17일 11시,수요일,경상남도 밀양시 삼문동,경상사고,0,0,1,0,차대사람 - 길가장자리구역통행중,교차로운행방법위반,건조,맑음,교차로 - 교차로안,승용,남,69세,상해없음,보행자,여,71세,경상
2021021800100056,2021년 2월 18일 07시,목요일,경상남도 밀양시 하남읍,경상사고,0,0,9,0,차대차 - 추돌,안전운전불이행,건조,맑음,교차로 - 교차로부근,승용,남,47세,상해없음,승합,남,47세,경상
2021021800100188,2021년 2월 18일 12시,목요일,경상남도 밀양시 내이동,중상사고,0,1,0,0,차대차 - 측면충돌,안전운전불이행,건조,맑음,교차로 - 교차로안,화물,남,53세,상해없음,이륜,남,42세,중상
2021021900100019,2021년 2월 19일 03시,금요일,경상남도 밀양시 하남읍,중상사고,0,1,0,0,차량단독 - 공작물충돌,안전운전불이행,건조,흐림,단일로 - 기타,승용,남,57세,중상,,,,
2021021900100125,2021년 2월 19일 09시,금요일,경상남도 밀양시 상동면,경상사고,0,0,1,0,차대차 - 추돌,안전운전불이행,건조,맑음,단일로 - 기타,화물,남,62세,상해없음,화물,남,70세,경상
2021021900100365,2021년 2월 19일 15시,금요일,경상남도 밀양시 하남읍,경상사고,0,0,1,0,차대사람 - 기타,기타,건조,맑음,단일로 - 기타,승합,남,66세,상해없음,보행자,여,65세,경상
2021022200100135,2021년 2월 22일 09시,월요일,경상남도 밀양시 무안면,중상사고,0,1,0,0,차대사람 - 횡단중,보행자보호의무위반,건조,맑음,교차로 - 교차로횡단보도내,화물,남,66세,상해없음,보행자,여,94세,중상
2021022300100012,2021년 2월 23일 01시,화요일,경상남도 밀양시 삼랑진읍,중상사고,0,1,0,0,차대차 - 기타,안전운전불이행,건조,맑음,단일로 - 기타,화물,남,43세,상해없음,화물,남,53세,중상
2021022300100086,2021년 2월 23일 08시,화요일,경상남도 밀양시 삼문동,경상사고,0,0,1,0,차대차 - 측면충돌,교차로운행방법위반,건조,맑음,교차로 - 교차로안,승용,남,62세,상해없음,승용,남,33세,경상
2021022300100336,2021년 2월 23일 16시,화요일,경상남도 밀양시 상남면,경상사고,0,0,4,0,차대차 - 측면충돌,안전운전불이행,건조,맑음,단일로 - 기타,화물,남,64세,상해없음,승용,남,47세,경상
2021022400100260,2021년 2월 24일 15시,수요일,경상남도 밀양시 상남면,경상사고,0,0,1,0,차대차 - 추돌,안전거리미확보,건조,맑음,단일로 - 기타,승용,남,52세,상해없음,승용,남,46세,경상
2021022400100304,2021년 2월 24일 16시,수요일,경상남도 밀양시 삼문동,경상사고,0,0,3,0,차대차 - 측면충돌,안전운전불이행,건조,맑음,교차로 - 교차로안,승용,남,31세,상해없음,승용,여,42세,경상
2021022500100321,2021년 2월 25일 17시,목요일,경상남도 밀양시 하남읍,중상사고,0,1,1,0,차대차 - 측면충돌,교차로운행방법위반,건조,맑음,교차로 - 교차로안,승용,남,72세,경상,승용,여,51세,중상
2021022500100322,2021년 2월 25일 17시,목요일,경상남도 밀양시 교동,중상사고,0,1,1,0,차대차 - 측면충돌,교차로운행방법위반,젖음/습기,비,교차로 - 교차로안,승용,남,59세,상해없음,승합,남,56세,중상
2021022700100054,2021년 2월 27일 07시,토요일,경상남도 밀양시 하남읍,경상사고,0,0,1,0,차대차 - 추돌,안전운전불이행,건조,맑음,단일로 - 기타,화물,여,67세,상해없음,승용,남,27세,경상
2021022700100065,2021년 2월 27일 08시,토요일,경상남도 밀양시 무안면,경상사고,0,0,1,0,차대차 - 측면충돌,안전운전불이행,건조,맑음,단일로 - 기타,화물,남,52세,상해없음,화물,남,63세,경상
2021030100100100,2021년 3월 1일 12시,월요일,경상남도 밀양시 내이동,경상사고,0,0,1,0,차대차 - 측면충돌,안전운전불이행,건조,맑음,단일로 - 기타,화물,남,62세,상해없음,승용,여,40세,경상
2021030200100109,2021년 3월 2일 09시,화요일,경상남도 밀양시 삼문동,경상사고,0,0,1,0,차대사람 - 보도통행중,보행자보호의무위반,건조,맑음,단일로 - 기타,화물,남,47세,상해없음,보행자,여,65세,경상
2021030200100254,2021년 3월 2일 14시,화요일,경상남도 밀양시 삼랑진읍,중상사고,0,1,0,0,차대차 - 측면충돌,안전운전불이행,건조,맑음,단일로 - 기타,승용,여,67세,상해없음,원동기,남,65세,상해없음
2021030200100395,2021년 3월 2일 18시,화요일,경상남도 밀양시 교동,경상사고,0,0,2,0,차대차 - 측면충돌,안전운전불이행,건조,흐림,교차로 - 교차로안,화물,남,71세,상해없음,승용,여,44세,경상
2021030400100498,2021년 3월 4일 22시,목요일,경상남도 밀양시 삼문동,중상사고,0,1,0,0,차대차 - 추돌,안전운전불이행,젖음/습기,비,교차로 - 교차로부근,승용,여,39세,상해없음,승용,남,75세,중상
2021030600100422,2021년 3월 6일 20시,토요일,경상남도 밀양시 가곡동,경상사고,0,0,1,0,차대차 - 측면충돌,안전운전불이행,건조,흐림,교차로 - 교차로안,승용,남,55세,상해없음,원동기,남,16세,경상
2021030800100112,2021년 3월 8일 08시,월요일,경상남도 밀양시 내이동,경상사고,0,0,1,0,차대차 - 측면충돌,기타,건조,맑음,단일로 - 기타,화물,남,79세,상해없음,원동기,남,79세,경상
2021030800100204,2021년 3월 8일 11시,월요일,경상남도 밀양시 삼문동,중상사고,0,1,0,0,차대차 - 추돌,안전운전불이행,건조,맑음,단일로 - 기타,기타불명,남,56세,상해없음,승용,남,44세,중상
2021030800100373,2021년 3월 8일 16시,월요일,경상남도 밀양시 무안면,경상사고,0,0,2,0,차대차 - 측면충돌,안전운전불이행,건조,맑음,교차로 - 교차로안,화물,여,68세,상해없음,화물,남,50세,경상
2021031200100158,2021년 3월 12일 11시,금요일,경상남도 밀양시 삼문동,경상사고,0,0,1,0,차대차 - 측면충돌,신호위반,젖음/습기,비,교차로 - 교차로안,원동기,남,16세,상해없음,승용,여,52세,경상
2021031300100060,2021년 3월 13일 07시,토요일,경상남도 밀양시 상동면,중상사고,0,1,1,0,차대차 - 정면충돌,중앙선침범,건조,맑음,단일로 - 기타,건설기계,남,51세,상해없음,승용,여,55세,중상
2021031400100230,2021년 3월 14일 16시,일요일,경상남도 밀양시 삼랑진읍,경상사고,0,0,2,0,차대차 - 측면충돌,안전운전불이행,건조,맑음,교차로 - 교차로안,승용,남,35세,상해없음,승용,남,68세,상해없음
2021031600100082,2021년 3월 16일 07시,화요일,경상남도 밀양시 삼랑진읍,경상사고,0,0,1,1,차대차 - 측면충돌,안전운전불이행,젖음/습기,흐림,교차로 - 교차로부근,승용,남,58세,부상신고,화물,남,37세,경상
2021031600100245,2021년 3월 16일 12시,화요일,경상남도 밀양시 산외면,경상사고,0,0,1,0,차대사람 - 횡단중,보행자보호의무위반,건조,맑음,단일로 - 기타,화물,남,54세,상해없음,보행자,남,34세,경상
2021031600100310,2021년 3월 16일 14시,화요일,경상남도 밀양시 가곡동,중상사고,0,1,1,0,차대차 - 측면충돌,교차로운행방법위반,건조,맑음,교차로 - 교차로안,승용,여,39세,경상,이륜,여,57세,중상
2021031700100115,2021년 3월 17일 09시,수요일,경상남도 밀양시 삼랑진읍,사망사고,1,0,0,0,차대차 - 측면충돌,안전운전불이행,건조,맑음,단일로 - 기타,건설기계,남,48세,상해없음,자전거,남,76세,사망
2021031700100203,2021년 3월 17일 12시,수요일,경상남도 밀양시 삼문동,중상사고,0,1,0,0,차대사람 - 기타,보행자보호의무위반,건조,맑음,교차로 - 교차로안,승용,여,22세,상해없음,보행자,남,28세,중상
2021031700100279,2021년 3월 17일 14시,수요일,경상남도 밀양시 내이동,중상사고,0,1,0,0,차대차 - 추돌,안전운전불이행,건조,맑음,단일로 - 기타,승용,남,41세,상해없음,이륜,남,56세,중상
2021031800100234,2021년 3월 18일 13시,목요일,경상남도 밀양시 내일동,중상사고,0,1,1,0,차대차 - 측면충돌,교차로운행방법위반,건조,맑음,교차로 - 교차로안,승용,여,47세,중상,승용,남,60세,경상
2021031800100481,2021년 3월 18일 21시,목요일,경상남도 밀양시 내이동,경상사고,0,0,3,0,차대차 - 추돌,안전운전불이행,건조,흐림,교차로 - 교차로부근,화물,남,48세,상해없음,승용,남,57세,경상
2021031900100055,2021년 3월 19일 07시,금요일,경상남도 밀양시 상남면,경상사고,0,0,1,0,차대차 - 추돌,안전운전불이행,건조,맑음,단일로 - 기타,화물,남,74세,상해없음,승용,여,34세,경상
2021031900100122,2021년 3월 19일 09시,금요일,경상남도 밀양시 내이동,경상사고,0,0,1,0,차대차 - 측면충돌,교차로운행방법위반,건조,맑음,교차로 - 교차로안,화물,남,52세,상해없음,화물,남,71세,경상
2021032000100496,2021년 3월 20일 22시,토요일,경상남도 밀양시 상남면,경상사고,0,0,1,0,차대차 - 추돌,안전운전불이행,건조,맑음,단일로 - 기타,승용,남,39세,상해없음,승용,여,30세,경상
2021032100100017,2021년 3월 21일 01시,일요일,경상남도 밀양시 부북면,사망사고,1,0,0,0,차량단독 - 공작물충돌,안전운전불이행,건조,맑음,단일로 - 기타,승용,여,48세,사망,,,,
2021032100100347,2021년 3월 21일 19시,일요일,경상남도 밀양시 단장면,경상사고,0,0,2,0,차대차 - 측면충돌,안전운전불이행,건조,맑음,단일로 - 기타,승용,여,33세,상해없음,승용,남,70세,경상
2021032100100377,2021년 3월 21일 20시,일요일,경상남도 밀양시 교동,경상사고,0,0,1,0,차대차 - 측면충돌,안전운전불이행,건조,맑음,교차로 - 교차로안,화물,남,43세,상해없음,승용,남,21세,경상
2021032200100056,2021년 3월 22일 07시,월요일,경상남도 밀양시 삼문동,중상사고,0,1,0,0,차대차 - 기타,신호위반,건조,맑음,교차로 - 교차로안,자전거,여,79세,중상,승용,남,42세,상해없음
2021032200100562,2021년 3월 22일 22시,월요일,경상남도 밀양시 청도면,경상사고,0,0,1,0,차량단독 - 공작물충돌,안전운전불이행,건조,흐림,단일로 - 기타,승용,남,54세,경상,,,,
2021032300100051,2021년 3월 23일 07시,화요일,경상남도 밀양시 부북면,중상사고,0,2,1,0,차대차 - 측면충돌,신호위반,건조,맑음,교차로 - 교차로안,화물,남,68세,경상,승용,남,33세,중상
2021032400100192,2021년 3월 24일 11시,수요일,경상남도 밀양시 내이동,경상사고,0,0,2,0,차대차 - 측면충돌,안전운전불이행,건조,맑음,교차로 - 교차로안,승용,여,67세,경상,승용,남,64세,경상
2021032400100432,2021년 3월 24일 18시,수요일,경상남도 밀양시 삼문동,경상사고,0,0,1,0,차대사람 - 횡단중,보행자보호의무위반,건조,맑음,교차로 - 교차로안,승용,여,46세,상해없음,보행자,여,17세,경상
2021032500100297,2021년 3월 25일 14시,목요일,경상남도 밀양시 삼문동,경상사고,0,0,1,0,차대차 - 측면충돌,안전운전불이행,건조,맑음,교차로 - 교차로부근,승용,여,43세,상해없음,자전거,여,9세,경상
2021032500100526,2021년 3월 25일 20시,목요일,경상남도 밀양시 삼문동,경상사고,0,0,1,0,차대차 - 측면충돌,직진우회전진행방해,건조,흐림,교차로 - 교차로안,승용,남,56세,상해없음,이륜,남,45세,경상
2021032500100561,2021년 3월 25일 21시,목요일,경상남도 밀양시 내이동,경상사고,0,0,1,0,차대차 - 측면충돌,안전운전불이행,건조,흐림,교차로 - 교차로안,승용,남,50세,상해없음,승용,남,31세,경상
2021032600100201,2021년 3월 26일 11시,금요일,경상남도 밀양시 삼문동,경상사고,0,0,1,0,차대차 - 측면충돌,안전운전불이행,건조,맑음,교차로 - 교차로안,화물,여,52세,상해없음,자전거,남,78세,경상
2021032700100155,2021년 3월 27일 11시,토요일,경상남도 밀양시 삼문동,중상사고,0,1,0,0,차대사람 - 기타,안전운전불이행,건조,맑음,단일로 - 기타,화물,여,55세,상해없음,보행자,여,85세,중상
2021032700100156,2021년 3월 27일 11시,토요일,경상남도 밀양시 삼랑진읍,중상사고,0,1,0,0,차대차 - 측면충돌,기타,건조,맑음,교차로 - 교차로안,승용,남,43세,상해없음,이륜,남,41세,중상
2021032800100288,2021년 3월 28일 16시,일요일,경상남도 밀양시 교동,경상사고,0,0,1,0,차대차 - 측면충돌,안전운전불이행,건조,맑음,교차로 - 교차로부근,화물,남,61세,상해없음,승용,여,58세,경상
2021032900100187,2021년 3월 29일 10시,월요일,경상남도 밀양시 용평동,경상사고,0,0,1,0,차대차 - 측면충돌,안전운전불이행,건조,맑음,교차로 - 교차로안,승용,남,68세,상해없음,이륜,남,51세,경상