사고번호,사고일시,요일,시군구,사고내용,사망자수,중상자수,경상자수,부상신고자수,사고유형,법규위반,노면상태,기상상태,도로형태,가해운전자 차종,가해운전자 성별,가해운전자 연령,가해운전자 상해정도,피해운전자 차종,피해운전자 성별,피해운전자 연령,피해운전자 상해정도
2021092300100302,2021년 9월 23일 14시,목요일,경상남도 밀양시 상남면,중상사고,0,1,0,0,차대차 - 측면충돌,안전운전불이행,건조,맑음,교차로 - 교차로안,화물,남,62세,상해없음,자전거,남,76세,중상
2021092400100320,2021년 9월 24일 15시,금요일,경상남도 밀양시 상동면,중상사고,0,1,0,0,차대차 - 측면충돌,안전운전불이행,건조,맑음,단일로 - 기타,이륜,남,56세,중상,화물,남,28세,상해없음
2021092500100200,2021년 9월 25일 14시,토요일,경상남도 밀양시 삼랑진읍,경상사고,0,0,2,0,차대차 - 추돌,안전운전불이행,건조,맑음,단일로 - 기타,승용,남,40세,상해없음,승용,남,26세,경상
2021092500100253,2021년 9월 25일 15시,토요일,경상남도 밀양시 내이동,중상사고,0,1,0,0,차대차 - 측면충돌,신호위반,건조,맑음,교차로 - 교차로안,승용,남,65세,상해없음,자전거,남,10세,중상
2021092700100470,2021년 9월 27일 19시,월요일,경상남도 밀양시 내이동,중상사고,0,1,0,0,차대차 - 측면충돌,안전운전불이행,건조,흐림,교차로 - 교차로안,승용,여,56세,상해없음,이륜,남,16세,중상
2021092800100296,2021년 9월 28일 15시,화요일,경상남도 밀양시 하남읍,중상사고,0,1,0,0,차대차 - 측면충돌,안전운전불이행,건조,맑음,교차로 - 교차로안,승용,여,60세,상해없음,자전거,여,76세,중상
2021092800100430,2021년 9월 28일 18시,화요일,경상남도 밀양시 내이동,경상사고,0,0,3,0,차대차 - 측면충돌,안전운전불이행,건조,맑음,단일로 - 기타,승용,여,50세,경상,승용,남,65세,경상
2021092900100159,2021년 9월 29일 10시,수요일,경상남도 밀양시 단장면,중상사고,0,1,0,0,차대차 - 측면충돌,기타,건조,맑음,교차로 - 교차로안,승용,여,54세,상해없음,농기계,남,75세,중상
2021092900100259,2021년 9월 29일 13시,수요일,경상남도 밀양시 산외면,중상사고,0,1,1,0,차대차 - 후진중충돌,교차로운행방법위반,젖음/습기,비,교차로 - 교차로안,승용,남,68세,상해없음,승용,남,29세,상해없음
2021093000100519,2021년 9월 30일 18시,목요일,경상남도 밀양시 내이동,경상사고,0,0,1,0,차대차 - 측면충돌,안전운전불이행,건조,맑음,교차로 - 교차로안,승용,남,45세,상해없음,승용,여,64세,경상
2021100200100475,2021년 10월 2일 18시,토요일,경상남도 밀양시 산외면,중상사고,0,1,0,0,차대차 - 측면충돌,안전운전불이행,건조,맑음,교차로 - 교차로안,원동기,남,78세,중상,승합,남,39세,기타불명
2021100300100164,2021년 10월 3일 12시,일요일,경상남도 밀양시 하남읍,중상사고,0,1,0,0,차대차 - 측면충돌,안전운전불이행,건조,맑음,교차로 - 교차로안,승용,여,64세,상해없음,승용,남,37세,중상
2021100300100376,2021년 10월 3일 18시,일요일,경상남도 밀양시 부북면,중상사고,0,1,0,0,차대차 - 측면충돌,안전운전불이행,건조,맑음,교차로 - 교차로안,승용,여,36세,상해없음,자전거,여,78세,중상
2021100400100322,2021년 10월 4일 17시,월요일,경상남도 밀양시 상남면,중상사고,0,1,0,0,차대차 - 측면충돌,안전운전불이행,건조,맑음,교차로 - 교차로안,화물,여,64세,상해없음,원동기,여,64세,중상
2021100500100165,2021년 10월 5일 10시,화요일,경상남도 밀양시 상동면,경상사고,0,0,1,0,차대차 - 측면충돌,중앙선침범,건조,맑음,단일로 - 기타,건설기계,남,63세,상해없음,화물,남,39세,경상
2021100600100561,2021년 10월 6일 21시,수요일,경상남도 밀양시 내이동,부상신고사고,0,0,0,1,차대차 - 측면충돌,안전운전불이행,건조,맑음,교차로 - 교차로안,승용,남,65세,상해없음,승용,남,29세,부상신고
2021100700100234,2021년 10월 7일 12시,목요일,경상남도 밀양시 상남면,중상사고,0,1,1,0,차대차 - 측면충돌,신호위반,건조,맑음,교차로 - 교차로안,승용,남,67세,상해없음,승합,남,50세,상해없음
2021100700100303,2021년 10월 7일 14시,목요일,경상남도 밀양시 내이동,중상사고,0,1,0,0,차대차 - 측면충돌,안전운전불이행,건조,맑음,교차로 - 교차로안,승용,여,51세,상해없음,자전거,남,74세,중상
2021100700100371,2021년 10월 7일 16시,목요일,경상남도 밀양시 하남읍,중상사고,0,1,0,0,차대차 - 측면충돌,안전운전불이행,건조,맑음,단일로 - 기타,화물,남,72세,상해없음,승용,남,37세,중상
2021100700100448,2021년 10월 7일 18시,목요일,경상남도 밀양시 삼문동,중상사고,0,1,0,0,차대사람 - 횡단중,신호위반,건조,맑음,교차로 - 교차로안,승용,남,69세,상해없음,보행자,여,9세,중상
2021100900100127,2021년 10월 9일 11시,토요일,경상남도 밀양시 가곡동,경상사고,0,0,1,0,차대차 - 측면충돌,안전운전불이행,건조,맑음,단일로 - 기타,승용,남,65세,상해없음,승용,여,49세,경상
2021100900100395,2021년 10월 9일 18시,토요일,경상남도 밀양시 내이동,경상사고,0,0,1,0,차대차 - 측면충돌,안전운전불이행,건조,흐림,교차로 - 교차로안,승용,여,67세,상해없음,승용,여,29세,경상
2021101000100011,2021년 10월 10일 00시,일요일,경상남도 밀양시 내이동,중상사고,0,1,0,0,차대차 - 기타,안전운전불이행,건조,맑음,교차로 - 교차로부근,이륜,남,63세,중상,승용,남,49세,상해없음
2021101300100479,2021년 10월 13일 18시,수요일,경상남도 밀양시 가곡동,경상사고,0,0,1,0,차대사람 - 횡단중,안전운전불이행,건조,맑음,교차로 - 교차로안,승용,여,61세,상해없음,보행자,남,22세,경상
2021101400100122,2021년 10월 14일 08시,목요일,경상남도 밀양시 부북면,중상사고,0,1,1,0,차대차 - 추돌,안전운전불이행,건조,맑음,교차로 - 교차로부근,승용,여,46세,상해없음,승용,남,72세,경상
2021101500100346,2021년 10월 15일 15시,금요일,경상남도 밀양시 삼문동,경상사고,0,0,1,0,차대차 - 측면충돌,안전운전불이행,건조,맑음,교차로 - 교차로안,승용,남,79세,상해없음,승용,여,43세,경상
2021101700100081,2021년 10월 17일 10시,일요일,경상남도 밀양시 산외면,중상사고,0,1,1,0,차대차 - 추돌,안전운전불이행,건조,맑음,단일로 - 기타,승용,남,47세,상해없음,승용,여,34세,경상
2021101700100221,2021년 10월 17일 15시,일요일,경상남도 밀양시 상동면,경상사고,0,0,3,0,차대차 - 추돌,안전운전불이행,건조,맑음,단일로 - 기타,승용,남,36세,상해없음,승용,남,43세,경상
2021101700100332,2021년 10월 17일 18시,일요일,경상남도 밀양시 삼문동,경상사고,0,0,1,0,차대사람 - 기타,안전운전불이행,건조,맑음,단일로 - 기타,이륜,여,46세,상해없음,보행자,여,13세,경상
2021101900100210,2021년 10월 19일 13시,화요일,경상남도 밀양시 단장면,경상사고,0,0,2,0,차대차 - 기타,안전운전불이행,건조,맑음,단일로 - 터널,화물,남,55세,상해없음,승용,남,31세,경상
2021102100100391,2021년 10월 21일 17시,목요일,경상남도 밀양시 삼문동,경상사고,0,0,1,0,차대차 - 측면충돌,안전운전불이행,건조,맑음,단일로 - 기타,승용,여,37세,상해없음,자전거,여,62세,경상
2021102100100392,2021년 10월 21일 17시,목요일,경상남도 밀양시 삼문동,경상사고,0,0,1,0,차대사람 - 기타,안전운전불이행,건조,맑음,주차장 - 주차장,승용,남,34세,상해없음,보행자,여,19세,경상
2021102400100135,2021년 10월 24일 11시,일요일,경상남도 밀양시 삼랑진읍,경상사고,0,0,1,0,차대차 - 추돌,안전거리미확보,기타,맑음,단일로 - 기타,자전거,남,63세,경상,자전거,남,34세,상해없음
2021102400100242,2021년 10월 24일 14시,일요일,경상남도 밀양시 단장면,중상사고,0,2,0,0,차량단독 - 공작물충돌,안전운전불이행,건조,맑음,단일로 - 기타,승용,남,81세,중상,,,,
2021102400100387,2021년 10월 24일 18시,일요일,경상남도 밀양시 내이동,사망사고,1,0,0,0,차대사람 - 횡단중,기타,건조,흐림,교차로 - 교차로안,승용,남,33세,상해없음,보행자,여,85세,사망
2021102500100055,2021년 10월 25일 07시,월요일,경상남도 밀양시 내이동,경상사고,0,0,1,0,차대차 - 측면충돌,교차로운행방법위반,건조,맑음,교차로 - 교차로안,화물,남,53세,상해없음,승용,여,68세,경상
2021102500100204,2021년 10월 25일 11시,월요일,경상남도 밀양시 삼랑진읍,중상사고,0,1,0,0,차대차 - 측면충돌,교차로운행방법위반,건조,맑음,교차로 - 교차로안,화물,남,61세,상해없음,화물,남,77세,중상
2021102500100549,2021년 10월 25일 19시,월요일,경상남도 밀양시 하남읍,중상사고,0,1,0,0,차대차 - 측면충돌,안전운전불이행,건조,맑음,단일로 - 교량,승용,남,32세,상해없음,자전거,남,49세,중상
2021102600100372,2021년 10월 26일 16시,화요일,경상남도 밀양시 내이동,경상사고,0,0,2,0,차대차 - 측면충돌,신호위반,건조,맑음,교차로 - 교차로안,화물,남,75세,경상,승용,여,55세,경상
2021102600100539,2021년 10월 26일 20시,화요일,경상남도 밀양시 부북면,경상사고,0,0,2,0,차대차 - 측면충돌,안전운전불이행,건조,맑음,단일로 - 기타,승용,남,51세,상해없음,승합,남,60세,경상
2021102700100231,2021년 10월 27일 13시,수요일,경상남도 밀양시 삼랑진읍,중상사고,0,1,0,0,차대차 - 측면충돌,신호위반,건조,맑음,교차로 - 교차로안,승용,여,55세,상해없음,승용,여,56세,중상
2021102800100024,2021년 10월 28일 04시,목요일,경상남도 밀양시 삼문동,중상사고,0,1,1,1,차량단독 - 공작물충돌,안전운전불이행,건조,맑음,주차장 - 주차장,승합,남,62세,부상신고,,,,
2021102900100017,2021년 10월 29일 04시,금요일,경상남도 밀양시 부북면,경상사고,0,0,1,0,차대차 - 측면충돌,신호위반,건조,흐림,교차로 - 교차로안,승용,남,64세,상해없음,승용,남,56세,경상
2021102900100051,2021년 10월 29일 07시,금요일,경상남도 밀양시 상남면,경상사고,0,0,4,0,차대차 - 측면충돌,직진우회전진행방해,건조,맑음,교차로 - 교차로안,화물,남,71세,경상,승용,여,51세,경상
2021102900100394,2021년 10월 29일 16시,금요일,경상남도 밀양시 청도면,경상사고,0,0,1,0,차대차 - 측면충돌,중앙선침범,건조,맑음,단일로 - 기타,화물,남,47세,상해없음,농기계,남,55세,경상
2021102900100602,2021년 10월 29일 20시,금요일,경상남도 밀양시 내이동,경상사고,0,0,3,0,차대차 - 추돌,안전운전불이행,건조,맑음,교차로 - 교차로부근,승용,남,53세,상해없음,승용,여,29세,경상
2021103000100070,2021년 10월 30일 07시,토요일,경상남도 밀양시 삼랑진읍,중상사고,0,1,0,0,차대차 - 측면충돌,신호위반,건조,맑음,교차로 - 교차로안,승용,여,64세,상해없음,승용,남,55세,중상
2021103000100418,2021년 10월 30일 18시,토요일,경상남도 밀양시 내이동,경상사고,0,0,1,0,차대차 - 측면충돌,교차로운행방법위반,건조,맑음,교차로 - 교차로안,승용,여,78세,상해없음,승용,남,39세,경상
2021103100100217,2021년 10월 31일 14시,일요일,경상남도 밀양시 내이동,경상사고,0,0,2,0,차대차 - 측면충돌,안전운전불이행,건조,맑음,교차로 - 교차로안,승용,여,48세,상해없음,승용,남,71세,경상
2021103100100317,2021년 10월 31일 17시,일요일,경상남도 밀양시 하남읍,경상사고,0,0,1,0,차대차 - 측면충돌,교차로운행방법위반,건조,맑음,교차로 - 교차로안,승용,여,56세,상해없음,화물,남,39세,경상
2021110100100237,2021년 11월 1일 12시,월요일,경상남도 밀양시 내이동,경상사고,0,0,1,0,차대사람 - 길가장자리구역통행중,안전운전불이행,건조,맑음,단일로 - 기타,승용,여,62세,상해없음,보행자,남,52세,경상
2021110300100260,2021년 11월 3일 12시,수요일,경상남도 밀양시 부북면,중상사고,0,1,0,0,차대차 - 측면충돌,신호위반,건조,맑음,교차로 - 교차로안,승용,여,43세,상해없음,화물,남,65세,중상
2021110400100277,2021년 11월 4일 13시,목요일,경상남도 밀양시 산외면,중상사고,0,1,0,0,차대차 - 측면충돌,안전운전불이행,건조,맑음,단일로 - 기타,승합,남,25세,상해없음,이륜,남,79세,중상
2021110500100160,2021년 11월 5일 09시,금요일,경상남도 밀양시 부북면,중상사고,0,1,0,0,차대차 - 정면충돌,안전운전불이행,건조,맑음,교차로 - 교차로안,화물,남,49세,상해없음,승용,여,58세,중상
2021110500100287,2021년 11월 5일 13시,금요일,경상남도 밀양시 삼문동,중상사고,0,1,0,0,차대차 - 측면충돌,안전운전불이행,건조,맑음,교차로 - 교차로안,승용,여,59세,상해없음,이륜,남,30세,중상
2021110600100254,2021년 11월 6일 13시,토요일,경상남도 밀양시 하남읍,중상사고,0,2,0,0,차대차 - 측면충돌,신호위반,건조,맑음,교차로 - 교차로안,승용,남,48세,중상,승용,여,38세,중상
2021110700100045,2021년 11월 7일 03시,일요일,경상남도 밀양시 가곡동,경상사고,0,0,2,0,차대차 - 정면충돌,기타,건조,맑음,단일로 - 기타,원동기,남,23세,경상,원동기,남,19세,경상
2021110700100273,2021년 11월 7일 15시,일요일,경상남도 밀양시 상동면,경상사고,0,0,1,0,차대차 - 측면충돌,안전운전불이행,건조,맑음,교차로 - 교차로안,승용,남,46세,상해없음,화물,남,77세,경상
2021110800100305,2021년 11월 8일 13시,월요일,경상남도 밀양시 하남읍,중상사고,0,1,0,0,차대차 - 측면충돌,안전운전불이행,젖음/습기,비,교차로 - 교차로안,화물,남,63세,상해없음,승용,여,62세,중상
2021110800100649,2021년 11월 8일 21시,월요일,경상남도 밀양시 내이동,경상사고,0,0,1,0,차대차 - 측면충돌,안전운전불이행,건조,맑음,교차로 - 교차로안,승용,남,56세,상해없음,승용,여,35세,경상
2021110900100216,2021년 11월 9일 11시,화요일,경상남도 밀양시 상남면,경상사고,0,0,2,0,차대차 - 추돌,안전운전불이행,건조,맑음,교차로 - 교차로부근,화물,남,53세,상해없음,승용,여,29세,경상
2021111000100610,2021년 11월 10일 22시,수요일,경상남도 밀양시 산외면,중상사고,0,1,0,0,차대차 - 측면충돌,안전운전불이행,건조,맑음,교차로 - 교차로안,자전거,남,30세,중상,화물,남,51세,상해없음
2021111100100285,2021년 11월 11일 13시,목요일,경상남도 밀양시 상동면,중상사고,0,1,0,0,차대차 - 추돌,안전거리미확보,건조,맑음,단일로 - 기타,화물,남,48세,상해없음,화물,남,59세,중상
2021111100100448,2021년 11월 11일 17시,목요일,경상남도 밀양시 삼문동,경상사고,0,0,1,0,차대차 - 측면충돌,교차로운행방법위반,건조,맑음,교차로 - 교차로안,승용,여,50세,상해없음,이륜,남,36세,경상
2021111300100116,2021년 11월 13일 08시,토요일,경상남도 밀양시 상남면,경상사고,0,0,3,0,차대차 - 측면충돌,신호위반,건조,맑음,교차로 - 교차로안,승용,여,46세,상해없음,화물,남,65세,경상
2021111500100111,2021년 11월 15일 08시,월요일,경상남도 밀양시 삼랑진읍,중상사고,0,1,0,0,차대차 - 측면충돌,안전운전불이행,건조,맑음,교차로 - 교차로안,승용,여,54세,상해없음,승용,여,26세,중상
2021111500100204,2021년 11월 15일 11시,월요일,경상남도 밀양시 초동면,중상사고,0,1,2,0,차대차 - 추돌,안전운전불이행,건조,맑음,교차로 - 교차로부근,승용,여,48세,상해없음,승용,남,72세,경상
2021111500100432,2021년 11월 15일 17시,월요일,경상남도 밀양시 상남면,중상사고,0,1,0,0,차대사람 - 기타,안전운전불이행,건조,맑음,단일로 - 기타,승용,여,70세,상해없음,보행자,남,67세,중상
2021111600100170,2021년 11월 16일 09시,화요일,경상남도 밀양시 무안면,사망사고,1,0,0,0,차대차 - 측면충돌,안전운전불이행,건조,맑음,단일로 - 기타,건설기계,남,56세,상해없음,자전거,남,76세,사망
2021111700100336,2021년 11월 17일 14시,수요일,경상남도 밀양시 내이동,경상사고,0,0,1,0,차대차 - 추돌,안전거리미확보,건조,맑음,교차로 - 교차로안,승합,남,52세,상해없음,승용,여,53세,경상
2021111700100337,2021년 11월 17일 14시,수요일,경상남도 밀양시 하남읍,중상사고,0,1,3,0,차대차 - 측면충돌,안전운전불이행,건조,맑음,단일로 - 기타,화물,남,44세,경상,승용,남,73세,경상
2021112000100035,2021년 11월 20일 01시,토요일,경상남도 밀양시 내이동,중상사고,0,1,1,0,차대차 - 측면충돌,신호위반,건조,맑음,교차로 - 교차로안,승용,남,23세,상해없음,승용,남,49세,중상
2021112000100126,2021년 11월 20일 09시,토요일,경상남도 밀양시 가곡동,중상사고,0,1,0,1,차대차 - 추돌,안전운전불이행,건조,맑음,단일로 - 기타,승용,여,39세,상해없음,승용,남,66세,중상
2021112000100251,2021년 11월 20일 13시,토요일,경상남도 밀양시 단장면,중상사고,0,2,2,0,차대차 - 정면충돌,중앙선침범,건조,맑음,단일로 - 기타,승용,남,23세,상해없음,승용,여,40세,경상
2021112100100219,2021년 11월 21일 14시,일요일,경상남도 밀양시 단장면,중상사고,0,3,0,0,차대차 - 정면충돌,중앙선침범,건조,맑음,단일로 - 기타,승용,남,66세,상해없음,승용,여,49세,중상
2021112100100220,2021년 11월 21일 14시,일요일,경상남도 밀양시 단장면,경상사고,0,0,1,0,차대차 - 측면충돌,중앙선침범,건조,맑음,단일로 - 기타,승용,남,55세,상해없음,승용,남,37세,경상
2021112100100249,2021년 11월 21일 15시,일요일,경상남도 밀양시 삼문동,경상사고,0,0,1,0,차대사람 - 횡단중,보행자보호의무위반,건조,맑음,단일로 - 기타,원동기,남,21세,상해없음,보행자,여,18세,경상
2021112100100321,2021년 11월 21일 17시,일요일,경상남도 밀양시 무안면,중상사고,0,1,0,0,차대차 - 추돌,기타,건조,맑음,단일로 - 기타,승용,남,67세,상해없음,자전거,남,56세,중상
2021112400100071,2021년 11월 24일 07시,수요일,경상남도 밀양시 하남읍,경상사고,0,0,2,0,차대차 - 측면충돌,안전운전불이행,건조,흐림,교차로 - 교차로안,건설기계,남,59세,경상,승용,남,31세,경상
2021112500100530,2021년 11월 25일 18시,목요일,경상남도 밀양시 삼문동,경상사고,0,0,3,0,차대차 - 기타,안전운전불이행,건조,맑음,단일로 - 기타,승용,여,38세,상해없음,승용,여,45세,경상
2021112600100091,2021년 11월 26일 07시,금요일,경상남도 밀양시 삼문동,경상사고,0,0,1,0,차대차 - 측면충돌,안전운전불이행,건조,흐림,단일로 - 기타,승용,남,32세,상해없음,승용,남,34세,경상
2021112600100230,2021년 11월 26일 11시,금요일,경상남도 밀양시 삼랑진읍,경상사고,0,0,3,0,차대차 - 추돌,신호위반,건조,맑음,단일로 - 교량,승용,남,44세,상해없음,승용,남,55세,경상
2021112600100327,2021년 11월 26일 13시,금요일,경상남도 밀양시 내이동,중상사고,0,1,0,0,차대차 - 측면충돌,신호위반,건조,맑음,교차로 - 교차로안,이륜,남,74세,중상,승용,남,55세,상해없음
2021112700100429,2021년 11월 27일 17시,토요일,경상남도 밀양시 삼문동,중상사고,0,1,0,0,차대사람 - 횡단중,안전운전불이행,건조,맑음,단일로 - 기타,승용,남,60세,상해없음,보행자,여,70세,중상
2021112800100393,2021년 11월 28일 19시,일요일,경상남도 밀양시 내이동,중상사고,0,1,0,0,차대사람 - 횡단중,안전운전불이행,건조,흐림,단일로 - 기타,이륜,남,18세,상해없음,보행자,여,63세,중상
2021112800100446,2021년 11월 28일 21시,일요일,경상남도 밀양시 가곡동,경상사고,0,0,3,0,차대차 - 측면충돌,안전운전불이행,건조,맑음,단일로 - 기타,승용,남,47세,상해없음,화물,남,54세,경상
2021112900100283,2021년 11월 29일 13시,월요일,경상남도 밀양시 삼문동,중상사고,0,1,0,0,차대차 - 측면충돌,중앙선침범,건조,맑음,교차로 - 교차로부근,승용,남,75세,상해없음,이륜,남,29세,중상
2021112900100373,2021년 11월 29일 15시,월요일,경상남도 밀양시 삼랑진읍,중상사고,0,1,0,0,차대차 - 측면충돌,안전운전불이행,건조,맑음,교차로 - 교차로안,자전거,여,81세,중상,화물,남,40세,상해없음
2021112900100601,2021년 11월 29일 21시,월요일,경상남도 밀양시 상남면,부상신고사고,0,0,0,1,차대사람 - 차도통행중,안전운전불이행,건조,맑음,단일로 - 기타,승용,남,60세,상해없음,보행자,남,48세,부상신고
2021120100100310,2021년 12월 1일 14시,수요일,경상남도 밀양시 하남읍,경상사고,0,0,2,0,차대차 - 측면충돌,신호위반,건조,맑음,교차로 - 교차로안,승용,여,62세,경상,화물,남,45세,경상
2021120200100491,2021년 12월 2일 18시,목요일,경상남도 밀양시 삼랑진읍,경상사고,0,0,1,0,차대차 - 측면충돌,안전운전불이행,건조,맑음,교차로 - 교차로안,승용,남,58세,상해없음,승용,여,40세,상해없음
2021120400100243,2021년 12월 4일 13시,토요일,경상남도 밀양시 삼문동,중상사고,0,1,0,0,차대차 - 측면충돌,안전운전불이행,건조,맑음,교차로 - 교차로안,승용,여,60세,상해없음,이륜,여,46세,중상
2021120400100457,2021년 12월 4일 19시,토요일,경상남도 밀양시 하남읍,중상사고,0,1,0,0,차대사람 - 차도통행중,안전운전불이행,건조,흐림,교차로 - 교차로안,승용,남,68세,상해없음,보행자,남,69세,중상
2021120500100113,2021년 12월 5일 10시,일요일,경상남도 밀양시 내이동,경상사고,0,0,1,0,차대차 - 측면충돌,안전운전불이행,건조,맑음,단일로 - 기타,이륜,남,49세,상해없음,자전거,남,14세,경상
2021120600100128,2021년 12월 6일 09시,월요일,경상남도 밀양시 상남면,중상사고,0,2,0,0,차대차 - 측면충돌,신호위반,건조,맑음,교차로 - 교차로안,승용,남,74세,상해없음,승용,여,72세,중상
2021120700100193,2021년 12월 7일 11시,화요일,경상남도 밀양시 내이동,경상사고,0,0,1,0,차대사람 - 기타,안전운전불이행,건조,맑음,단일로 - 기타,승용,남,81세,상해없음,보행자,남,60세,경상
2021120700100341,2021년 12월 7일 15시,화요일,경상남도 밀양시 삼랑진읍,중상사고,0,1,0,0,차대사람 - 횡단중,안전운전불이행,건조,맑음,단일로 - 기타,승용,여,55세,상해없음,보행자,여,81세,중상
2021120800100385,2021년 12월 8일 16시,수요일,경상남도 밀양시 교동,중상사고,0,1,0,0,차대차 - 추돌,안전운전불이행,건조,맑음,단일로 - 기타,화물,남,60세,상해없음,승용,여,57세,중상
2021120800100437,2021년 12월 8일 17시,수요일,경상남도 밀양시 하남읍,중상사고,0,1,0,0,차대사람 - 길가장자리구역통행중,안전운전불이행,건조,흐림,단일로 - 기타,승용,남,50세,상해없음,보행자,여,73세,중상
2021120900100106,2021년 12월 9일 08시,목요일,경상남도 밀양시 내이동,경상사고,0,0,1,0,차대차 - 추돌,안전운전불이행,건조,맑음,단일로 - 기타,승용,남,61세,상해없음,승용,여,50세,경상
2021120900100338,2021년 12월 9일 17시,목요일,경상남도 밀양시 하남읍,경상사고,0,0,1,0,차대사람 - 길가장자리구역통행중,안전운전불이행,건조,맑음,단일로 - 기타,승용,남,48세,상해없음,보행자,남,55세,경상
2021120900100339,2021년 12월 9일 17시,목요일,경상남도 밀양시 삼문동,중상사고,0,1,0,0,차대사람 - 횡단중,보행자보호의무위반,건조,맑음,교차로 - 교차로횡단보도내,이륜,남,17세,상해없음,보행자,여,84세,중상
2021121000100116,2021년 12월 10일 08시,금요일,경상남도 밀양시 가곡동,중상사고,0,1,0,0,차대차 - 추돌,안전운전불이행,건조,맑음,단일로 - 기타,승용,여,50세,상해없음,승용,여,41세,중상
2021121100100117,2021년 12월 11일 09시,토요일,경상남도 밀양시 교동,중상사고,0,1,0,0,차대차 - 추돌,안전운전불이행,건조,맑음,교차로 - 교차로부근,화물,남,79세,상해없음,승용,남,44세,중상
2021121200100218,2021년 12월 12일 15시,일요일,경상남도 밀양시 삼랑진읍,경상사고,0,0,2,0,차대차 - 측면충돌,안전운전불이행,건조,맑음,교차로 - 교차로안,승용,남,76세,상해없음,승용,남,32세,경상
2021121300100397,2021년 12월 13일 16시,월요일,경상남도 밀양시 내이동,중상사고,0,1,0,0,차대차 - 측면충돌,안전운전불이행,건조,맑음,교차로 - 교차로안,이륜,남,54세,중상,승용,남,54세,상해없음
2021121400100094,2021년 12월 14일 08시,화요일,경상남도 밀양시 교동,중상사고,0,1,0,0,차대사람 - 횡단중,안전운전불이행,건조,맑음,단일로 - 기타,승용,남,41세,상해없음,보행자,남,16세,중상
2021121500100246,2021년 12월 15일 12시,수요일,경상남도 밀양시 산외면,중상사고,0,2,0,0,차대차 - 추돌,안전거리미확보,건조,맑음,단일로 - 기타,승용,여,43세,상해없음,화물,남,77세,중상
2021121500100328,2021년 12월 15일 15시,수요일,경상남도 밀양시 삼랑진읍,경상사고,0,0,1,0,차대차 - 측면충돌,안전운전불이행,건조,맑음,단일로 - 지하차도(도로)내,승용,남,58세,상해없음,기타불명,여,70세,경상
2021121600100237,2021년 12월 16일 13시,목요일,경상남도 밀양시 삼랑진읍,경상사고,0,0,1,0,차대차 - 측면충돌,기타,젖음/습기,흐림,교차로 - 교차로안,화물,남,66세,상해없음,승용,남,62세,경상
2021121700100106,2021년 12월 17일 08시,금요일,경상남도 밀양시 내이동,중상사고,0,1,1,0,차대차 - 측면충돌,교차로운행방법위반,건조,맑음,교차로 - 교차로안,승용,여,28세,중상,승용,여,39세,경상
2021121700100666,2021년 12월 17일 22시,금요일,경상남도 밀양시 내이동,중상사고,0,1,0,0,차대차 - 측면충돌,교차로운행방법위반,건조,맑음,교차로 - 교차로안,승용,남,55세,상해없음,이륜,남,34세,중상
2021122000100033,2021년 12월 20일 06시,월요일,경상남도 밀양시 가곡동,중상사고,0,1,0,0,차대사람 - 기타,안전운전불이행,건조,흐림,교차로 - 교차로안,승용,남,60세,상해없음,보행자,남,77세,중상
2021122000100169,2021년 12월 20일 11시,월요일,경상남도 밀양시 삼문동,경상사고,0,0,1,0,차대차 - 측면충돌,안전운전불이행,건조,맑음,단일로 - 기타,승용,남,53세,상해없음,승용,여,56세,경상
2021122100100125,2021년 12월 21일 09시,화요일,경상남도 밀양시 하남읍,경상사고,0,0,1,0,차대차 - 측면충돌,안전운전불이행,건조,맑음,단일로 - 기타,승용,남,50세,상해없음,화물,남,66세,경상
2021122200100412,2021년 12월 22일 17시,수요일,경상남도 밀양시 상남면,경상사고,0,0,2,0,차대차 - 측면충돌,교차로운행방법위반,건조,맑음,교차로 - 교차로안,승용,남,29세,상해없음,화물,남,53세,상해없음
2021122200100615,2021년 12월 22일 22시,수요일,경상남도 밀양시 내이동,경상사고,0,0,1,0,차대차 - 측면충돌,안전운전불이행,건조,흐림,교차로 - 교차로안,승용,남,23세,상해없음,승용,남,65세,경상
2021122300100088,2021년 12월 23일 08시,목요일,경상남도 밀양시 산외면,중상사고,0,1,1,0,차대차 - 추돌,안전운전불이행,건조,맑음,교차로 - 교차로안,화물,남,53세,경상,승용,남,65세,중상
2021122400100253,2021년 12월 24일 14시,금요일,경상남도 밀양시 내이동,부상신고사고,0,0,0,1,차대차 - 측면충돌,안전운전불이행,건조,맑음,교차로 - 교차로안,승용,여,55세,상해없음,승용,여,51세,부상신고
2021122500100380,2021년 12월 25일 21시,토요일,경상남도 밀양시 가곡동,중상사고,0,1,0,0,차량단독 - 공작물충돌,안전운전불이행,건조,맑음,단일로 - 기타,승용,남,49세,중상,,,,
2021122600100140,2021년 12월 26일 14시,일요일,경상남도 밀양시 삼랑진읍,경상사고,0,0,1,0,차대차 - 측면충돌,안전운전불이행,건조,맑음,교차로 - 교차로안,승용,남,60세,상해없음,승용,남,28세,경상