사고번호,사고일시,요일,시군구,사고내용,사망자수,중상자수,경상자수,부상신고자수,사고유형,법규위반,노면상태,기상상태,도로형태,가해운전자 차종,가해운전자 성별,가해운전자 연령,가해운전자 상해정도,피해운전자 차종,피해운전자 성별,피해운전자 연령,피해운전자 상해정도
2021122800100104,2021년 12월 28일 08시,화요일,경상남도 밀양시 가곡동,중상사고,0,1,0,0,차대차 - 측면충돌,안전운전불이행,건조,맑음,교차로 - 교차로안,승용,남,44세,상해없음,이륜,남,89세,중상
2021123100100302,2021년 12월 31일 15시,금요일,경상남도 밀양시 가곡동,경상사고,0,0,1,0,차대차 - 측면충돌,교차로운행방법위반,건조,맑음,교차로 - 교차로안,승용,남,60세,상해없음,승용,남,28세,경상
2022010100100134,2022년 1월 1일 13시,토요일,경상남도 밀양시 삼문동,경상사고,0,0,1,0,차대차 - 측면충돌,안전운전불이행,건조,맑음,교차로 - 교차로안,승용,남,70세,상해없음,승용,여,72세,경상
2022010200100198,2022년 1월 2일 16시,일요일,경상남도 밀양시 산외면,경상사고,0,0,1,0,차대사람 - 기타,안전운전불이행,건조,맑음,단일로 - 기타,승합,여,52세,상해없음,보행자,남,29세,경상
2022010300100177,2022년 1월 3일 10시,월요일,경상남도 밀양시 하남읍,경상사고,0,0,1,0,차대차 - 측면충돌,안전운전불이행,건조,맑음,단일로 - 기타,화물,남,51세,상해없음,화물,남,58세,경상
2022010300100202,2022년 1월 3일 11시,월요일,경상남도 밀양시 내이동,중상사고,0,1,0,0,차량단독 - 공작물충돌,안전운전불이행,건조,맑음,교차로 - 교차로안,이륜,남,79세,중상,,,,
2022010500100393,2022년 1월 5일 20시,수요일,경상남도 밀양시 삼문동,중상사고,0,1,0,0,차대사람 - 차도통행중,안전운전불이행,젖음/습기,비,교차로 - 교차로안,승용,여,45세,상해없음,보행자,여,76세,중상
2022010800100082,2022년 1월 8일 08시,토요일,경상남도 밀양시 내이동,중상사고,0,1,0,0,차대차 - 측면충돌,안전운전불이행,건조,맑음,교차로 - 교차로안,승용,남,31세,상해없음,자전거,남,78세,중상
2022010800100219,2022년 1월 8일 13시,토요일,경상남도 밀양시 삼랑진읍,부상신고사고,0,0,0,1,차대차 - 측면충돌,안전운전불이행,건조,맑음,교차로 - 교차로부근,자전거,남,76세,부상신고,승용,남,26세,상해없음
2022010900100151,2022년 1월 9일 15시,일요일,경상남도 밀양시 삼랑진읍,중상사고,0,1,0,0,차대차 - 측면충돌,안전운전불이행,건조,맑음,단일로 - 기타,승용,남,67세,상해없음,이륜,남,88세,중상
2022011100100320,2022년 1월 11일 15시,화요일,경상남도 밀양시 내이동,경상사고,0,0,1,0,차대차 - 측면충돌,안전운전불이행,건조,맑음,단일로 - 기타,화물,남,64세,상해없음,승용,여,54세,경상
2022011300100169,2022년 1월 13일 11시,목요일,경상남도 밀양시 상남면,경상사고,0,0,1,0,차대차 - 기타,안전거리미확보,건조,맑음,단일로 - 기타,화물,남,67세,기타불명,승용,남,30세,경상
2022011400100472,2022년 1월 14일 18시,금요일,경상남도 밀양시 초동면,경상사고,0,0,3,0,차대차 - 측면충돌,중앙선침범,건조,맑음,단일로 - 기타,승합,남,78세,상해없음,승용,남,44세,경상
2022011500100262,2022년 1월 15일 15시,토요일,경상남도 밀양시 내이동,경상사고,0,0,1,0,차대차 - 측면충돌,교차로운행방법위반,건조,맑음,교차로 - 교차로안,승용,남,61세,상해없음,이륜,남,46세,경상
2022011500100298,2022년 1월 15일 16시,토요일,경상남도 밀양시 삼랑진읍,경상사고,0,0,2,0,차대차 - 측면충돌,교차로운행방법위반,건조,맑음,교차로 - 교차로안,승용,여,23세,상해없음,승용,남,46세,경상
2022011500100330,2022년 1월 15일 17시,토요일,경상남도 밀양시 교동,중상사고,0,1,0,0,차량단독 - 기타,안전운전불이행,건조,맑음,단일로 - 기타,승합,남,58세,상해없음,,,,
2022011700100081,2022년 1월 17일 08시,월요일,경상남도 밀양시 무안면,중상사고,0,1,1,0,차대차 - 측면충돌,안전운전불이행,건조,맑음,교차로 - 교차로안,승용,여,33세,중상,승용,여,55세,경상
2022011700100174,2022년 1월 17일 12시,월요일,경상남도 밀양시 무안면,중상사고,0,1,0,0,차대차 - 측면충돌,안전운전불이행,건조,맑음,교차로 - 교차로안,승용,남,28세,상해없음,이륜,남,79세,중상
2022012000100162,2022년 1월 20일 11시,목요일,경상남도 밀양시 내이동,중상사고,0,1,0,0,차대차 - 기타,안전운전불이행,건조,맑음,단일로 - 기타,승용,남,65세,상해없음,자전거,여,68세,중상
2022012100100336,2022년 1월 21일 14시,금요일,경상남도 밀양시 삼문동,중상사고,0,1,1,0,차대사람 - 횡단중,보행자보호의무위반,건조,맑음,교차로 - 교차로횡단보도내,승용,남,69세,상해없음,보행자,남,49세,경상
2022012200100147,2022년 1월 22일 11시,토요일,경상남도 밀양시 상동면,경상사고,0,0,1,0,차대차 - 측면충돌,중앙선침범,건조,맑음,교차로 - 교차로안,화물,남,63세,상해없음,승용,남,36세,경상
2022012200100178,2022년 1월 22일 12시,토요일,경상남도 밀양시 상남면,경상사고,0,0,2,0,차대차 - 추돌,안전운전불이행,건조,맑음,단일로 - 기타,승용,남,30세,상해없음,화물,남,55세,경상
2022012200100281,2022년 1월 22일 15시,토요일,경상남도 밀양시 하남읍,중상사고,0,1,0,0,차대차 - 정면충돌,안전운전불이행,건조,맑음,교차로 - 교차로안,승용,여,51세,상해없음,이륜,남,52세,중상
2022012300100129,2022년 1월 23일 13시,일요일,경상남도 밀양시 내이동,중상사고,0,1,0,0,차량단독 - 전도전복 - 전도,안전운전불이행,건조,맑음,교차로 - 교차로안,이륜,여,65세,중상,,,,
2022012300100219,2022년 1월 23일 16시,일요일,경상남도 밀양시 하남읍,경상사고,0,0,1,0,차대사람 - 횡단중,안전운전불이행,건조,맑음,단일로 - 기타,화물,남,74세,상해없음,보행자,남,49세,경상
2022012300100344,2022년 1월 23일 20시,일요일,경상남도 밀양시 하남읍,경상사고,0,0,1,0,차대사람 - 길가장자리구역통행중,안전운전불이행,건조,맑음,단일로 - 기타,승용,남,54세,상해없음,보행자,여,13세,경상
2022012500100201,2022년 1월 25일 12시,화요일,경상남도 밀양시 삼랑진읍,중상사고,0,1,0,0,차량단독 - 공작물충돌,안전운전불이행,건조,맑음,단일로 - 기타,농기계,남,59세,중상,,,,
2022012600100072,2022년 1월 26일 07시,수요일,경상남도 밀양시 무안면,중상사고,0,1,0,0,차대사람 - 횡단중,안전운전불이행,건조,맑음,단일로 - 기타,승용,남,56세,상해없음,보행자,여,78세,중상
2022012600100214,2022년 1월 26일 12시,수요일,경상남도 밀양시 삼문동,경상사고,0,0,2,0,차대차 - 측면충돌,안전운전불이행,건조,맑음,교차로 - 교차로안,승용,남,54세,상해없음,승용,남,42세,경상
2022012600100346,2022년 1월 26일 16시,수요일,경상남도 밀양시 삼문동,중상사고,0,1,0,0,차대차 - 측면충돌,교차로운행방법위반,건조,맑음,교차로 - 교차로부근,승합,남,52세,상해없음,이륜,여,72세,중상
2022012700100173,2022년 1월 27일 11시,목요일,경상남도 밀양시 내이동,중상사고,0,1,0,0,차대차 - 측면충돌,안전운전불이행,건조,맑음,교차로 - 교차로부근,이륜,남,86세,중상,승용,여,61세,상해없음
2022012700100174,2022년 1월 27일 11시,목요일,경상남도 밀양시 내이동,중상사고,0,1,0,0,차대차 - 추돌,안전운전불이행,건조,맑음,단일로 - 기타,화물,남,57세,상해없음,화물,남,52세,중상
2022012700100257,2022년 1월 27일 14시,목요일,경상남도 밀양시 내이동,부상신고사고,0,0,0,1,차대차 - 측면충돌,안전운전불이행,건조,맑음,기타 - 기타,승용,남,19세,상해없음,승용,여,65세,부상신고
2022012800100042,2022년 1월 28일 07시,금요일,경상남도 밀양시 상남면,경상사고,0,0,2,0,차대차 - 측면충돌,교차로운행방법위반,건조,맑음,교차로 - 교차로안,승용,남,78세,상해없음,승용,남,27세,경상
2022012800100209,2022년 1월 28일 12시,금요일,경상남도 밀양시 상남면,중상사고,0,1,0,0,차량단독 - 공작물충돌,안전운전불이행,건조,맑음,단일로 - 기타,화물,남,78세,중상,,,,
2022013000100347,2022년 1월 30일 21시,일요일,경상남도 밀양시 내이동,경상사고,0,0,1,0,차대차 - 측면충돌,신호위반,건조,맑음,교차로 - 교차로부근,승용,여,54세,상해없음,승용,남,44세,경상
2022020100100194,2022년 2월 1일 19시,화요일,경상남도 밀양시 산외면,중상사고,0,1,0,0,차대차 - 측면충돌,신호위반,건조,흐림,교차로 - 교차로안,승용,남,54세,상해없음,이륜,남,34세,중상
2022020200100129,2022년 2월 2일 14시,수요일,경상남도 밀양시 내이동,경상사고,0,0,1,0,차대사람 - 보도통행중,기타,건조,맑음,단일로 - 기타,화물,남,34세,상해없음,보행자,남,25세,경상
2022020200100300,2022년 2월 2일 21시,수요일,경상남도 밀양시 부북면,경상사고,0,0,1,0,차량단독 - 공작물충돌,안전운전불이행,건조,흐림,단일로 - 기타,승용,여,45세,경상,,,,
2022020300100150,2022년 2월 3일 11시,목요일,경상남도 밀양시 삼문동,중상사고,0,1,0,0,차대사람 - 횡단중,보행자보호의무위반,건조,맑음,단일로 - 기타,승용,여,69세,상해없음,보행자,여,80세,중상
2022020600100029,2022년 2월 6일 09시,일요일,경상남도 밀양시 부북면,경상사고,0,0,1,0,차대차 - 측면충돌,신호위반,건조,맑음,교차로 - 교차로안,화물,남,65세,상해없음,승용,여,59세,경상
2022020700100153,2022년 2월 7일 12시,월요일,경상남도 밀양시 무안면,경상사고,0,0,1,0,차대사람 - 횡단중,보행자보호의무위반,건조,맑음,교차로 - 교차로횡단보도내,승용,여,60세,상해없음,보행자,여,24세,경상
2022020800100058,2022년 2월 8일 07시,화요일,경상남도 밀양시 상남면,경상사고,0,0,2,0,차대차 - 정면충돌,중앙선침범,건조,맑음,단일로 - 기타,승용,남,79세,상해없음,승용,여,43세,경상
2022020800100449,2022년 2월 8일 20시,화요일,경상남도 밀양시 내이동,경상사고,0,0,1,0,차대사람 - 횡단중,안전운전불이행,건조,흐림,교차로 - 교차로안,이륜,남,47세,상해없음,보행자,남,73세,경상
2022020900100224,2022년 2월 9일 13시,수요일,경상남도 밀양시 하남읍,경상사고,0,0,1,0,차대사람 - 횡단중,안전운전불이행,건조,맑음,교차로 - 교차로안,원동기,남,58세,상해없음,보행자,남,11세,경상
2022021000100029,2022년 2월 10일 06시,목요일,경상남도 밀양시 하남읍,사망사고,1,0,0,0,차량단독 - 공작물충돌,안전운전불이행,건조,맑음,단일로 - 기타,화물,남,67세,사망,,,,
2022021000100183,2022년 2월 10일 12시,목요일,경상남도 밀양시 상남면,중상사고,0,1,0,0,차대차 - 측면충돌,교차로운행방법위반,건조,맑음,교차로 - 교차로안,승용,남,33세,상해없음,이륜,남,49세,중상
2022021200100320,2022년 2월 12일 18시,토요일,경상남도 밀양시 삼랑진읍,중상사고,0,1,0,0,차대차 - 측면충돌,신호위반,건조,맑음,교차로 - 교차로안,승용,남,53세,상해없음,원동기,남,27세,중상
2022021200100369,2022년 2월 12일 20시,토요일,경상남도 밀양시 내이동,경상사고,0,0,1,0,차대사람 - 차도통행중,신호위반,건조,맑음,교차로 - 교차로부근,이륜,남,33세,상해없음,보행자,남,59세,경상
2022021500100236,2022년 2월 15일 15시,화요일,경상남도 밀양시 상남면,경상사고,0,0,1,0,차량단독 - 전도전복 - 전도,안전운전불이행,건조,맑음,단일로 - 기타,이륜,남,73세,경상,,,,
2022021500100262,2022년 2월 15일 16시,화요일,경상남도 밀양시 삼랑진읍,중상사고,0,1,0,0,차대차 - 측면충돌,안전운전불이행,건조,맑음,단일로 - 기타,화물,남,73세,상해없음,자전거,남,56세,중상
2022021500100292,2022년 2월 15일 17시,화요일,경상남도 밀양시 내이동,경상사고,0,0,2,0,차대차 - 측면충돌,안전운전불이행,건조,맑음,교차로 - 교차로안,승용,여,28세,상해없음,승용,여,58세,경상
2022021600100147,2022년 2월 16일 12시,수요일,경상남도 밀양시 삼문동,경상사고,0,0,1,0,차대사람 - 횡단중,보행자보호의무위반,건조,맑음,교차로 - 교차로안,승용,여,52세,상해없음,보행자,여,15세,경상
2022021700100237,2022년 2월 17일 14시,목요일,경상남도 밀양시 삼문동,중상사고,0,1,0,0,차대차 - 정면충돌,중앙선침범,건조,맑음,단일로 - 기타,자전거,남,76세,중상,승용,여,35세,상해없음
2022021900100060,2022년 2월 19일 08시,토요일,경상남도 밀양시 내이동,중상사고,0,1,0,0,차대차 - 측면충돌,교차로운행방법위반,건조,맑음,교차로 - 교차로안,승용,남,27세,상해없음,이륜,남,48세,중상
2022022100100168,2022년 2월 21일 11시,월요일,경상남도 밀양시 상남면,경상사고,0,0,1,0,차대차 - 정면충돌,안전운전불이행,건조,맑음,기타 - 기타,화물,남,57세,상해없음,승용,남,24세,경상
2022022200100342,2022년 2월 22일 17시,화요일,경상남도 밀양시 내이동,경상사고,0,0,1,0,차대차 - 측면충돌,안전운전불이행,건조,흐림,교차로 - 교차로안,화물,남,62세,상해없음,승용,여,58세,경상
2022022500100126,2022년 2월 25일 09시,금요일,경상남도 밀양시 부북면,중상사고,0,1,0,0,차대차 - 기타,안전운전불이행,건조,맑음,교차로 - 교차로안,승용,남,57세,상해없음,이륜,남,49세,중상
2022022500100127,2022년 2월 25일 09시,금요일,경상남도 밀양시 상남면,경상사고,0,0,1,0,차대차 - 추돌,안전운전불이행,건조,맑음,교차로 - 교차로부근,화물,남,29세,상해없음,승용,여,63세,경상
2022022700100021,2022년 2월 27일 04시,일요일,경상남도 밀양시 상동면,중상사고,0,1,0,0,차량단독 - 기타,차로위반,건조,맑음,단일로 - 기타,화물,남,58세,상해없음,,,,
2022030100100166,2022년 3월 1일 14시,화요일,경상남도 밀양시 상남면,경상사고,0,0,2,1,차대차 - 측면충돌,안전운전불이행,건조,맑음,단일로 - 기타,건설기계,남,36세,상해없음,승용,남,45세,경상
2022030100100248,2022년 3월 1일 17시,화요일,경상남도 밀양시 내이동,중상사고,0,1,0,0,차대차 - 측면충돌,안전운전불이행,건조,맑음,교차로 - 교차로부근,승용,여,68세,상해없음,원동기,여,25세,중상
2022030200100146,2022년 3월 2일 10시,수요일,경상남도 밀양시 하남읍,경상사고,0,0,1,0,차대차 - 추돌,안전운전불이행,건조,맑음,기타 - 기타,건설기계,남,58세,상해없음,건설기계,남,40세,경상
2022030500100298,2022년 3월 5일 16시,토요일,경상남도 밀양시 삼문동,중상사고,0,1,0,0,차대차 - 기타,안전거리미확보,건조,맑음,단일로 - 기타,이륜,남,25세,중상,승용,남,61세,상해없음
2022030500100352,2022년 3월 5일 18시,토요일,경상남도 밀양시 삼랑진읍,중상사고,0,1,0,0,차대차 - 기타,안전운전불이행,건조,기타,단일로 - 기타,이륜,남,83세,중상,화물,남,52세,기타불명
2022030700100299,2022년 3월 7일 17시,월요일,경상남도 밀양시 내이동,경상사고,0,0,1,0,차대차 - 추돌,안전운전불이행,건조,맑음,교차로 - 교차로안,화물,남,66세,상해없음,이륜,여,67세,경상
2022030800100197,2022년 3월 8일 13시,화요일,경상남도 밀양시 가곡동,경상사고,0,0,3,0,차대차 - 추돌,안전운전불이행,건조,맑음,교차로 - 교차로부근,이륜,여,49세,경상,승용,남,64세,경상
2022031000100262,2022년 3월 10일 15시,목요일,경상남도 밀양시 상남면,중상사고,0,1,0,0,차대사람 - 기타,안전운전불이행,건조,맑음,기타 - 기타,승용,남,79세,상해없음,보행자,남,87세,중상
2022031100100011,2022년 3월 11일 01시,금요일,경상남도 밀양시 초동면,중상사고,0,1,0,0,차량단독 - 전도전복 - 전복,안전운전불이행,건조,맑음,단일로 - 기타,승용,남,35세,중상,,,,
2022031300100143,2022년 3월 13일 14시,일요일,경상남도 밀양시 내일동,부상신고사고,0,0,0,1,차대사람 - 횡단중,안전운전불이행,젖음/습기,비,단일로 - 기타,승용,남,74세,상해없음,보행자,남,69세,부상신고
2022031400100214,2022년 3월 14일 13시,월요일,경상남도 밀양시 삼문동,경상사고,0,0,2,0,차대차 - 측면충돌,안전운전불이행,젖음/습기,흐림,교차로 - 교차로안,화물,남,58세,경상,승용,남,41세,경상
2022031500100267,2022년 3월 15일 15시,화요일,경상남도 밀양시 산내면,사망사고,1,1,0,0,차대차 - 측면충돌,안전운전불이행,건조,맑음,단일로 - 기타,이륜,남,43세,사망,농기계,남,66세,중상
2022031700100246,2022년 3월 17일 16시,목요일,경상남도 밀양시 무안면,중상사고,0,2,0,0,차대차 - 측면충돌,안전운전불이행,건조,맑음,교차로 - 교차로안,화물,남,56세,중상,화물,남,67세,중상
2022032100100044,2022년 3월 21일 07시,월요일,경상남도 밀양시 상남면,중상사고,0,1,1,0,차대차 - 추돌,안전운전불이행,건조,맑음,단일로 - 기타,승용,여,19세,상해없음,승용,남,35세,경상
2022032200100103,2022년 3월 22일 10시,화요일,경상남도 밀양시 삼랑진읍,부상신고사고,0,0,0,1,차대차 - 기타,안전운전불이행,건조,맑음,단일로 - 기타,개인형이동수단(PM),여,87세,부상신고,화물,남,73세,상해없음
2022032200100365,2022년 3월 22일 19시,화요일,경상남도 밀양시 삼문동,중상사고,0,1,0,0,차대차 - 측면충돌,안전운전불이행,건조,흐림,단일로 - 기타,승용,남,54세,상해없음,이륜,남,28세,중상
2022032300100111,2022년 3월 23일 10시,수요일,경상남도 밀양시 상남면,중상사고,0,1,0,0,차대차 - 추돌,안전운전불이행,건조,흐림,단일로 - 기타,화물,남,37세,상해없음,승용,여,48세,중상
2022032300100143,2022년 3월 23일 11시,수요일,경상남도 밀양시 부북면,중상사고,0,1,0,0,차대차 - 정면충돌,중앙선침범,건조,맑음,단일로 - 기타,승용,남,46세,상해없음,화물,남,49세,중상
2022032300100417,2022년 3월 23일 21시,수요일,경상남도 밀양시 내이동,부상신고사고,0,0,0,1,차대사람 - 기타,안전운전불이행,건조,맑음,교차로 - 교차로부근,승용,남,52세,상해없음,보행자,남,69세,부상신고
2022032400100120,2022년 3월 24일 10시,목요일,경상남도 밀양시 내이동,중상사고,0,1,3,0,차대차 - 측면충돌,신호위반,건조,맑음,교차로 - 교차로안,승용,남,56세,상해없음,특수,남,28세,경상
2022032400100169,2022년 3월 24일 12시,목요일,경상남도 밀양시 삼랑진읍,중상사고,0,1,0,0,차대차 - 측면충돌,안전운전불이행,건조,맑음,단일로 - 기타,승용,남,40세,상해없음,자전거,여,60세,중상
2022032400100318,2022년 3월 24일 17시,목요일,경상남도 밀양시 하남읍,중상사고,0,1,0,0,차대차 - 측면충돌,신호위반,건조,맑음,교차로 - 교차로안,승용,여,49세,상해없음,승용,남,72세,중상
2022032700100048,2022년 3월 27일 08시,일요일,경상남도 밀양시 삼랑진읍,중상사고,0,1,0,0,차대차 - 정면충돌,중앙선침범,건조,맑음,단일로 - 기타,화물,남,18세,상해없음,화물,남,64세,중상
2022032800100285,2022년 3월 28일 15시,월요일,경상남도 밀양시 내이동,경상사고,0,0,1,0,차대차 - 측면충돌,안전운전불이행,건조,맑음,교차로 - 교차로안,화물,남,50세,상해없음,자전거,여,74세,경상
2022033000100179,2022년 3월 30일 12시,수요일,경상남도 밀양시 상남면,중상사고,0,1,0,0,차량단독 - 공작물충돌,안전운전불이행,건조,맑음,단일로 - 기타,승용,남,63세,중상,,,,
2022040100100105,2022년 4월 1일 09시,금요일,경상남도 밀양시 삼문동,경상사고,0,0,1,0,차대차 - 측면충돌,안전운전불이행,건조,맑음,교차로 - 교차로안,화물,남,23세,상해없음,승용,여,63세,경상
2022040100100268,2022년 4월 1일 15시,금요일,경상남도 밀양시 내이동,중상사고,0,2,0,0,차대차 - 측면충돌,안전운전불이행,건조,맑음,단일로 - 기타,승용,남,26세,상해없음,이륜,남,39세,중상
2022040200100311,2022년 4월 2일 15시,토요일,경상남도 밀양시 삼랑진읍,중상사고,0,1,0,0,차대차 - 정면충돌,안전운전불이행,건조,맑음,기타 - 기타,이륜,남,48세,중상,승용,남,26세,상해없음
2022040400100024,2022년 4월 4일 04시,월요일,경상남도 밀양시 상남면,경상사고,0,0,1,0,차대차 - 기타,차로위반,건조,맑음,단일로 - 기타,승용,남,74세,경상,승용,남,35세,상해없음
2022040400100522,2022년 4월 4일 22시,월요일,경상남도 밀양시 하남읍,중상사고,0,1,0,0,차대차 - 정면충돌,신호위반,건조,맑음,교차로 - 교차로안,화물,남,23세,상해없음,이륜,여,64세,중상
2022040400100540,2022년 4월 4일 23시,월요일,경상남도 밀양시 삼문동,중상사고,0,1,0,0,차대사람 - 기타,안전운전불이행,건조,흐림,교차로 - 교차로부근,승용,남,63세,상해없음,보행자,남,59세,중상
2022040500100061,2022년 4월 5일 07시,화요일,경상남도 밀양시 산내면,중상사고,0,2,2,0,차량단독 - 공작물충돌,안전운전불이행,건조,흐림,단일로 - 기타,승용,여,62세,상해없음,,,,
2022040600100106,2022년 4월 6일 09시,수요일,경상남도 밀양시 교동,중상사고,0,1,0,0,차대차 - 측면충돌,차로위반,건조,맑음,단일로 - 기타,화물,남,43세,상해없음,화물,남,29세,중상
2022040600100138,2022년 4월 6일 10시,수요일,경상남도 밀양시 하남읍,중상사고,0,1,0,0,차대사람 - 기타,안전운전불이행,건조,맑음,단일로 - 기타,승용,남,67세,상해없음,보행자,남,86세,중상
2022040600100271,2022년 4월 6일 15시,수요일,경상남도 밀양시 상남면,부상신고사고,0,0,0,2,차대차 - 추돌,안전운전불이행,건조,맑음,교차로 - 교차로안,승용,남,59세,상해없음,승용,남,60세,부상신고
2022040600100272,2022년 4월 6일 15시,수요일,경상남도 밀양시 상남면,중상사고,0,1,0,0,차대차 - 측면충돌,안전운전불이행,건조,맑음,교차로 - 교차로안,화물,남,66세,상해없음,승용,남,57세,중상
2022040700100378,2022년 4월 7일 17시,목요일,경상남도 밀양시 삼문동,경상사고,0,0,1,0,차대차 - 측면충돌,안전운전불이행,건조,흐림,교차로 - 교차로부근,화물,남,71세,상해없음,이륜,남,47세,경상
2022040800100263,2022년 4월 8일 13시,금요일,경상남도 밀양시 상남면,경상사고,0,0,2,0,차대차 - 측면충돌,교차로운행방법위반,건조,맑음,교차로 - 교차로안,이륜,남,65세,상해없음,승합,남,50세,상해없음
2022040800100497,2022년 4월 8일 18시,금요일,경상남도 밀양시 상남면,경상사고,0,0,1,0,차대차 - 측면충돌,안전운전불이행,건조,맑음,교차로 - 교차로부근,승용,여,43세,상해없음,화물,남,44세,경상
2022041000100292,2022년 4월 10일 16시,일요일,경상남도 밀양시 상남면,경상사고,0,0,1,0,차대차 - 정면충돌,안전운전불이행,건조,맑음,단일로 - 기타,승용,남,57세,상해없음,승용,남,31세,경상
2022041100100309,2022년 4월 11일 14시,월요일,경상남도 밀양시 삼문동,경상사고,0,0,1,0,차대차 - 측면충돌,신호위반,건조,맑음,교차로 - 교차로안,승용,여,59세,상해없음,승용,여,27세,경상
2022041100100567,2022년 4월 11일 21시,월요일,경상남도 밀양시 삼문동,경상사고,0,0,1,0,차대차 - 측면충돌,신호위반,건조,맑음,단일로 - 기타,승용,여,21세,상해없음,자전거,남,11세,경상
2022041100100599,2022년 4월 11일 23시,월요일,경상남도 밀양시 내일동,경상사고,0,0,1,0,차대차 - 추돌,안전운전불이행,건조,흐림,단일로 - 기타,승용,남,50세,경상,화물,남,63세,기타불명
2022041300100151,2022년 4월 13일 10시,수요일,경상남도 밀양시 상동면,경상사고,0,0,1,0,차대차 - 측면충돌,신호위반,건조,맑음,교차로 - 교차로안,승용,남,51세,상해없음,이륜,남,91세,경상
2022041400100282,2022년 4월 14일 14시,목요일,경상남도 밀양시 무안면,경상사고,0,0,3,1,차대차 - 측면충돌,교차로운행방법위반,건조,맑음,교차로 - 교차로안,승용,남,72세,경상,승합,남,48세,경상
2022041500100588,2022년 4월 15일 21시,금요일,경상남도 밀양시 삼문동,중상사고,0,1,0,0,차대차 - 측면충돌,안전운전불이행,건조,맑음,교차로 - 교차로안,화물,남,39세,상해없음,자전거,남,64세,중상
2022041600100230,2022년 4월 16일 12시,토요일,경상남도 밀양시 삼문동,경상사고,0,0,1,0,차대차 - 측면충돌,교차로운행방법위반,건조,맑음,교차로 - 교차로안,승용,여,39세,상해없음,자전거,남,17세,경상
2022041600100320,2022년 4월 16일 14시,토요일,경상남도 밀양시 삼랑진읍,중상사고,0,1,0,0,차량단독 - 기타,안전운전불이행,건조,맑음,단일로 - 기타,승용,남,89세,상해없음,,,,
2022041700100184,2022년 4월 17일 12시,일요일,경상남도 밀양시 내이동,경상사고,0,0,1,0,차대사람 - 횡단중,안전운전불이행,건조,맑음,단일로 - 기타,승용,여,38세,상해없음,보행자,남,74세,경상
2022041700100469,2022년 4월 17일 22시,일요일,경상남도 밀양시 삼랑진읍,경상사고,0,0,1,0,차대차 - 후진중충돌,안전운전불이행,건조,맑음,주차장 - 주차장,승용,남,56세,상해없음,승용,여,44세,경상
2022042000100171,2022년 4월 20일 09시,수요일,경상남도 밀양시 하남읍,경상사고,0,0,1,0,차대차 - 측면충돌,교차로운행방법위반,건조,맑음,교차로 - 교차로안,승용,남,64세,상해없음,화물,남,57세,경상
2022042200100393,2022년 4월 22일 17시,금요일,경상남도 밀양시 내이동,중상사고,0,1,0,0,차대차 - 측면충돌,신호위반,건조,맑음,교차로 - 교차로안,승용,여,24세,상해없음,승용,여,58세,중상
2022042400100345,2022년 4월 24일 18시,일요일,경상남도 밀양시 하남읍,경상사고,0,0,1,0,차대차 - 측면충돌,교차로운행방법위반,건조,맑음,교차로 - 교차로안,자전거,남,8세,경상,승용,남,61세,상해없음
2022042500100138,2022년 4월 25일 09시,월요일,경상남도 밀양시 내이동,경상사고,0,0,2,0,차대차 - 측면충돌,교차로운행방법위반,건조,맑음,교차로 - 교차로안,화물,남,61세,상해없음,승용,여,65세,경상
2022042500100379,2022년 4월 25일 16시,월요일,경상남도 밀양시 삼랑진읍,경상사고,0,0,1,1,차대차 - 측면충돌,안전거리미확보,건조,맑음,단일로 - 기타,승용,남,41세,상해없음,화물,남,60세,상해없음
2022042600100123,2022년 4월 26일 08시,화요일,경상남도 밀양시 삼문동,경상사고,0,0,1,0,차대차 - 기타,중앙선침범,건조,맑음,단일로 - 기타,승용,여,48세,상해없음,승용,남,49세,경상
2022042700100078,2022년 4월 27일 07시,수요일,경상남도 밀양시 산내면,중상사고,0,1,2,2,차량단독 - 도로외이탈 - 추락,안전운전불이행,건조,맑음,기타 - 기타,승용,여,62세,경상,,,,
2022042700100117,2022년 4월 27일 08시,수요일,경상남도 밀양시 삼문동,경상사고,0,0,1,0,차대차 - 기타,안전운전불이행,건조,맑음,단일로 - 기타,승용,여,65세,상해없음,승용,여,22세,경상
2022042700100235,2022년 4월 27일 12시,수요일,경상남도 밀양시 삼문동,중상사고,0,1,0,0,차대차 - 측면충돌,안전운전불이행,건조,맑음,교차로 - 교차로안,승용,남,32세,상해없음,승용,남,70세,중상
2022042700100346,2022년 4월 27일 15시,수요일,경상남도 밀양시 교동,경상사고,0,0,2,0,차대차 - 추돌,안전운전불이행,건조,맑음,단일로 - 기타,화물,남,47세,상해없음,승용,여,27세,경상
2022042700100478,2022년 4월 27일 18시,수요일,경상남도 밀양시 상남면,경상사고,0,0,1,0,차대차 - 측면충돌,안전운전불이행,건조,맑음,교차로 - 교차로안,원동기,남,53세,경상,승용,남,46세,상해없음
2022042800100251,2022년 4월 28일 12시,목요일,경상남도 밀양시 상남면,경상사고,0,0,2,0,차대차 - 측면충돌,교차로운행방법위반,건조,맑음,교차로 - 교차로안,승용,여,40세,경상,승용,여,32세,경상