사고번호,사고일시,요일,시군구,사고내용,사망자수,중상자수,경상자수,부상신고자수,사고유형,법규위반,노면상태,기상상태,도로형태,가해운전자 차종,가해운전자 성별,가해운전자 연령,가해운전자 상해정도,피해운전자 차종,피해운전자 성별,피해운전자 연령,피해운전자 상해정도
2022101300100081,2022년 10월 13일 07시,목요일,경상남도 밀양시 삼문동,중상사고,0,1,0,0,차대차 - 측면충돌,안전운전불이행,건조,맑음,교차로 - 교차로안,이륜,남,62세,중상,화물,남,70세,상해없음
2022101300100165,2022년 10월 13일 09시,목요일,경상남도 밀양시 단장면,경상사고,0,0,1,0,차량단독 - 전도전복 - 전도,안전운전불이행,건조,맑음,교차로 - 교차로안,사륜오토바이(ATV),남,75세,경상,,,,
2022101300100190,2022년 10월 13일 10시,목요일,경상남도 밀양시 상남면,경상사고,0,0,1,3,차대차 - 기타,기타,건조,맑음,단일로 - 기타,화물,남,57세,상해없음,승용,남,36세,부상신고
2022101400100053,2022년 10월 14일 06시,금요일,경상남도 밀양시 삼문동,중상사고,0,1,0,0,차대차 - 측면충돌,안전운전불이행,건조,맑음,교차로 - 교차로안,승용,남,51세,상해없음,자전거,여,61세,중상
2022101400100324,2022년 10월 14일 14시,금요일,경상남도 밀양시 내이동,경상사고,0,0,1,0,차대사람 - 횡단중,안전운전불이행,건조,맑음,교차로 - 교차로안,화물,남,87세,상해없음,보행자,여,84세,경상
2022101400100409,2022년 10월 14일 16시,금요일,경상남도 밀양시 삼문동,중상사고,0,1,0,0,차대차 - 측면충돌,안전운전불이행,건조,맑음,교차로 - 교차로횡단보도내,승용,여,62세,상해없음,자전거,남,72세,중상
2022101400100464,2022년 10월 14일 17시,금요일,경상남도 밀양시 삼문동,중상사고,0,1,0,0,차대사람 - 횡단중,보행자보호의무위반,건조,맑음,교차로 - 교차로횡단보도내,승용,남,56세,상해없음,보행자,남,76세,중상
2022101500100216,2022년 10월 15일 12시,토요일,경상남도 밀양시 내일동,경상사고,0,0,1,0,차대차 - 추돌,안전운전불이행,건조,맑음,교차로 - 교차로안,승용,여,40세,상해없음,승용,여,38세,경상
2022101700100324,2022년 10월 17일 13시,월요일,경상남도 밀양시 산외면,경상사고,0,0,1,0,차대차 - 측면충돌,안전운전불이행,건조,맑음,단일로 - 기타,승용,남,67세,상해없음,이륜,남,80세,경상
2022101800100158,2022년 10월 18일 09시,화요일,경상남도 밀양시 삼랑진읍,중상사고,0,1,0,0,차대차 - 측면충돌,안전운전불이행,건조,맑음,단일로 - 기타,승용,남,73세,상해없음,이륜,남,81세,중상
2022101800100184,2022년 10월 18일 10시,화요일,경상남도 밀양시 내일동,경상사고,0,0,1,0,차대차 - 후진중충돌,안전운전불이행,건조,맑음,주차장 - 주차장,승용,남,83세,상해없음,승용,남,39세,경상
2022101800100532,2022년 10월 18일 18시,화요일,경상남도 밀양시 내이동,중상사고,0,1,0,0,차대사람 - 횡단중,보행자보호의무위반,건조,맑음,교차로 - 교차로횡단보도내,승용,남,52세,상해없음,보행자,여,79세,중상
2022101800100533,2022년 10월 18일 18시,화요일,경상남도 밀양시 삼랑진읍,중상사고,0,1,0,0,차대사람 - 횡단중,안전운전불이행,건조,흐림,교차로 - 교차로안,승용,남,63세,상해없음,보행자,남,72세,중상
2022101900100028,2022년 10월 19일 05시,수요일,경상남도 밀양시 삼문동,경상사고,0,0,1,0,차량단독 - 공작물충돌,안전운전불이행,건조,맑음,단일로 - 기타,승용,여,51세,경상,,,,
2022101900100228,2022년 10월 19일 11시,수요일,경상남도 밀양시 청도면,중상사고,0,1,0,0,차대차 - 정면충돌,중앙선침범,건조,맑음,단일로 - 기타,화물,남,78세,상해없음,승용,남,28세,중상
2022101900100605,2022년 10월 19일 20시,수요일,경상남도 밀양시 삼문동,경상사고,0,0,1,0,차대차 - 측면충돌,교차로운행방법위반,건조,맑음,교차로 - 교차로안,승용,남,74세,상해없음,승합,남,46세,상해없음
2022102000100625,2022년 10월 20일 20시,목요일,경상남도 밀양시 부북면,중상사고,0,1,0,0,차대차 - 측면충돌,안전운전불이행,건조,맑음,교차로 - 교차로안,승용,남,56세,상해없음,승용,남,48세,중상
2022102100100161,2022년 10월 21일 09시,금요일,경상남도 밀양시 부북면,중상사고,0,1,0,0,차대사람 - 길가장자리구역통행중,안전운전불이행,건조,맑음,단일로 - 기타,승용,여,60세,상해없음,보행자,남,83세,중상
2022102100100162,2022년 10월 21일 09시,금요일,경상남도 밀양시 상남면,중상사고,0,1,0,0,차대차 - 추돌,안전운전불이행,건조,맑음,교차로 - 교차로안,승용,남,62세,상해없음,승용,남,59세,중상
2022102100100195,2022년 10월 21일 10시,금요일,경상남도 밀양시 단장면,중상사고,0,3,0,0,차대차 - 정면충돌,중앙선침범,건조,맑음,단일로 - 기타,승용,남,33세,상해없음,승용,남,62세,중상
2022102200100163,2022년 10월 22일 10시,토요일,경상남도 밀양시 산외면,경상사고,0,0,5,0,차대차 - 추돌,안전거리미확보,건조,맑음,단일로 - 기타,승용,남,74세,경상,승용,남,65세,경상
2022102200100376,2022년 10월 22일 15시,토요일,경상남도 밀양시 산외면,중상사고,0,1,0,0,차대사람 - 기타,안전운전불이행,건조,맑음,단일로 - 기타,화물,남,80세,상해없음,보행자,여,81세,중상
2022102300100168,2022년 10월 23일 12시,일요일,경상남도 밀양시 상남면,중상사고,0,1,0,0,차대차 - 추돌,안전운전불이행,건조,맑음,교차로 - 교차로안,자전거,남,65세,중상,승용,남,64세,상해없음
2022102300100383,2022년 10월 23일 19시,일요일,경상남도 밀양시 상남면,중상사고,0,1,2,0,차대차 - 측면충돌,신호위반,건조,맑음,교차로 - 교차로안,이륜,남,36세,중상,승용,남,33세,경상
2022102400100626,2022년 10월 24일 21시,월요일,경상남도 밀양시 내이동,중상사고,0,1,0,0,차대차 - 측면충돌,교차로운행방법위반,건조,흐림,교차로 - 교차로안,승용,여,42세,상해없음,이륜,남,22세,중상
2022102400100637,2022년 10월 24일 22시,월요일,경상남도 밀양시 삼문동,경상사고,0,0,1,0,차대차 - 측면충돌,안전운전불이행,건조,맑음,교차로 - 교차로안,승용,여,40세,상해없음,승용,남,80세,경상
2022102500100242,2022년 10월 25일 12시,화요일,경상남도 밀양시 상남면,중상사고,0,2,0,0,차대차 - 측면충돌,안전운전불이행,건조,맑음,교차로 - 교차로안,승용,남,55세,상해없음,이륜,여,55세,중상
2022102500100358,2022년 10월 25일 15시,화요일,경상남도 밀양시 상남면,중상사고,0,1,0,0,차대차 - 측면충돌,안전운전불이행,건조,맑음,교차로 - 교차로안,승용,남,70세,상해없음,이륜,남,60세,중상
2022102600100200,2022년 10월 26일 10시,수요일,경상남도 밀양시 초동면,경상사고,0,0,1,0,차대차 - 기타,안전운전불이행,건조,맑음,주차장 - 주차장,화물,남,75세,상해없음,화물,남,62세,경상
2022102700100469,2022년 10월 27일 17시,목요일,경상남도 밀양시 상남면,경상사고,0,0,1,0,차대차 - 후진중충돌,안전운전불이행,건조,맑음,단일로 - 기타,화물,여,59세,상해없음,특수,남,30세,경상
2022102800100121,2022년 10월 28일 08시,금요일,경상남도 밀양시 삼랑진읍,중상사고,0,1,0,0,차대차 - 추돌,안전운전불이행,건조,맑음,단일로 - 기타,승용,여,52세,상해없음,승용,여,54세,중상
2022102800100168,2022년 10월 28일 09시,금요일,경상남도 밀양시 내이동,경상사고,0,0,2,0,차대차 - 측면충돌,신호위반,건조,맑음,교차로 - 교차로안,승용,남,67세,상해없음,화물,남,29세,경상
2022102800100238,2022년 10월 28일 11시,금요일,경상남도 밀양시 삼랑진읍,중상사고,0,3,6,1,차대차 - 추돌,안전운전불이행,건조,맑음,단일로 - 교량,화물,남,51세,상해없음,승용,여,45세,경상
2022102800100406,2022년 10월 28일 15시,금요일,경상남도 밀양시 하남읍,중상사고,0,1,0,0,차대차 - 측면충돌,교차로운행방법위반,건조,맑음,교차로 - 교차로안,승합,여,59세,상해없음,화물,남,44세,상해없음
2022102900100089,2022년 10월 29일 08시,토요일,경상남도 밀양시 삼문동,중상사고,0,1,0,0,차대차 - 측면충돌,안전운전불이행,건조,맑음,단일로 - 기타,승용,남,64세,상해없음,자전거,남,64세,중상
2022102900100090,2022년 10월 29일 08시,토요일,경상남도 밀양시 삼랑진읍,경상사고,0,0,1,0,차대차 - 기타,중앙선침범,건조,맑음,단일로 - 터널,건설기계,남,59세,상해없음,건설기계,남,34세,경상
2022102900100113,2022년 10월 29일 09시,토요일,경상남도 밀양시 삼랑진읍,중상사고,0,1,0,0,차대차 - 측면충돌,안전운전불이행,건조,맑음,교차로 - 교차로안,이륜,남,85세,중상,승용,여,61세,상해없음
2022102900100176,2022년 10월 29일 11시,토요일,경상남도 밀양시 상남면,중상사고,0,1,3,0,차대차 - 추돌,안전운전불이행,건조,맑음,단일로 - 기타,화물,남,49세,상해없음,승용,남,24세,경상
2022103000100085,2022년 10월 30일 07시,일요일,경상남도 밀양시 부북면,중상사고,0,1,1,0,차대차 - 측면충돌,교차로운행방법위반,건조,흐림,교차로 - 교차로안,화물,남,62세,상해없음,화물,남,41세,경상
2022110200100162,2022년 11월 2일 09시,수요일,경상남도 밀양시 무안면,경상사고,0,0,1,0,차대차 - 측면충돌,중앙선침범,건조,맑음,단일로 - 기타,승용,여,64세,상해없음,승용,남,59세,경상
2022110200100480,2022년 11월 2일 18시,수요일,경상남도 밀양시 삼문동,중상사고,0,1,0,0,차대사람 - 횡단중,보행자보호의무위반,건조,맑음,교차로 - 교차로안,승용,남,64세,상해없음,보행자,여,16세,중상
2022110300100200,2022년 11월 3일 11시,목요일,경상남도 밀양시 내이동,중상사고,0,1,0,0,차대차 - 측면충돌,신호위반,건조,맑음,교차로 - 교차로횡단보도내,이륜,남,26세,상해없음,자전거,남,70세,중상
2022110300100296,2022년 11월 3일 14시,목요일,경상남도 밀양시 단장면,중상사고,0,1,0,0,차대차 - 측면충돌,안전운전불이행,건조,맑음,교차로 - 교차로안,원동기,남,68세,중상,승용,남,56세,상해없음
2022110300100447,2022년 11월 3일 18시,목요일,경상남도 밀양시 내일동,경상사고,0,0,1,0,차대사람 - 횡단중,보행자보호의무위반,건조,맑음,교차로 - 교차로횡단보도내,승용,남,64세,상해없음,보행자,남,30세,경상
2022110400100285,2022년 11월 4일 12시,금요일,경상남도 밀양시 삼랑진읍,경상사고,0,0,2,0,차대차 - 기타,중앙선침범,건조,맑음,단일로 - 기타,화물,남,60세,상해없음,승용,남,48세,경상
2022110400100370,2022년 11월 4일 14시,금요일,경상남도 밀양시 삼랑진읍,중상사고,0,1,0,0,차대차 - 측면충돌,안전운전불이행,건조,맑음,단일로 - 기타,화물,남,83세,상해없음,이륜,남,81세,중상
2022110400100719,2022년 11월 4일 21시,금요일,경상남도 밀양시 상남면,중상사고,0,1,0,0,차량단독 - 공작물충돌,안전운전불이행,건조,맑음,단일로 - 기타,승용,남,40세,중상,,,,
2022110500100186,2022년 11월 5일 11시,토요일,경상남도 밀양시 상남면,경상사고,0,0,1,0,차대차 - 측면충돌,안전운전불이행,건조,맑음,단일로 - 기타,화물,남,59세,상해없음,자전거,남,50세,경상
2022110600100010,2022년 11월 6일 00시,일요일,경상남도 밀양시 내이동,경상사고,0,0,1,0,차대차 - 측면충돌,신호위반,건조,맑음,교차로 - 교차로안,화물,남,59세,상해없음,승용,남,24세,경상
2022110700100103,2022년 11월 7일 08시,월요일,경상남도 밀양시 내이동,중상사고,0,1,0,0,차대차 - 기타,안전운전불이행,건조,맑음,교차로 - 교차로안,이륜,남,53세,중상,화물,남,62세,상해없음
2022110800100221,2022년 11월 8일 11시,화요일,경상남도 밀양시 삼랑진읍,중상사고,0,1,0,0,차대차 - 기타,안전운전불이행,건조,맑음,단일로 - 기타,자전거,남,46세,중상,이륜,남,85세,상해없음
2022110800100362,2022년 11월 8일 15시,화요일,경상남도 밀양시 상남면,중상사고,0,1,0,0,차량단독 - 공작물충돌,안전운전불이행,건조,맑음,단일로 - 기타,사륜오토바이(ATV),남,42세,중상,,,,
2022111000100121,2022년 11월 10일 08시,목요일,경상남도 밀양시 삼문동,중상사고,0,1,0,0,차대차 - 추돌,안전운전불이행,건조,맑음,단일로 - 기타,승용,남,44세,상해없음,승용,여,48세,중상
2022111000100277,2022년 11월 10일 13시,목요일,경상남도 밀양시 하남읍,중상사고,0,1,2,0,차대차 - 추돌,안전운전불이행,건조,맑음,단일로 - 기타,화물,남,55세,경상,화물,남,41세,경상
2022111100100283,2022년 11월 11일 13시,금요일,경상남도 밀양시 삼랑진읍,경상사고,0,0,1,0,차대차 - 측면충돌,안전운전불이행,건조,맑음,기타 - 기타,화물,남,77세,상해없음,승용,여,70세,경상
2022111100100621,2022년 11월 11일 21시,금요일,경상남도 밀양시 상남면,경상사고,0,0,1,0,차대차 - 추돌,안전운전불이행,건조,맑음,단일로 - 기타,승용,남,56세,상해없음,승용,남,68세,경상
2022111200100147,2022년 11월 12일 10시,토요일,경상남도 밀양시 하남읍,경상사고,0,0,1,0,차대사람 - 기타,안전운전불이행,건조,맑음,단일로 - 기타,자전거,남,6세,상해없음,보행자,여,3세,경상
2022111200100187,2022년 11월 12일 11시,토요일,경상남도 밀양시 초동면,경상사고,0,0,1,0,차대차 - 측면충돌,안전운전불이행,건조,맑음,단일로 - 기타,화물,남,69세,상해없음,승용,남,56세,경상
2022111200100424,2022년 11월 12일 17시,토요일,경상남도 밀양시 삼문동,경상사고,0,0,1,0,차대사람 - 횡단중,안전운전불이행,건조,맑음,교차로 - 교차로부근,승용,남,50세,상해없음,보행자,여,77세,경상
2022111200100479,2022년 11월 12일 18시,토요일,경상남도 밀양시 단장면,경상사고,0,0,1,0,차대사람 - 기타,안전운전불이행,건조,흐림,단일로 - 기타,화물,여,56세,상해없음,보행자,남,42세,경상
2022111300100089,2022년 11월 13일 08시,일요일,경상남도 밀양시 초동면,중상사고,0,1,2,0,차대차 - 추돌,안전운전불이행,건조,맑음,단일로 - 기타,승합,여,68세,경상,승용,남,48세,중상
2022111500100161,2022년 11월 15일 09시,화요일,경상남도 밀양시 상남면,중상사고,0,1,0,0,차대사람 - 횡단중,안전운전불이행,건조,맑음,교차로 - 교차로안,승용,여,55세,상해없음,보행자,남,58세,중상
2022111900100179,2022년 11월 19일 11시,토요일,경상남도 밀양시 삼랑진읍,경상사고,0,0,1,0,차대차 - 후진중충돌,안전운전불이행,건조,맑음,교차로 - 교차로안,승용,남,36세,상해없음,승용,남,74세,경상
2022112000100347,2022년 11월 20일 18시,일요일,경상남도 밀양시 내일동,중상사고,0,1,0,0,차대사람 - 횡단중,안전운전불이행,건조,맑음,교차로 - 교차로안,승용,여,41세,상해없음,보행자,여,65세,중상
2022112100100317,2022년 11월 21일 15시,월요일,경상남도 밀양시 가곡동,경상사고,0,0,1,0,차대사람 - 차도통행중,안전운전불이행,건조,맑음,단일로 - 기타,승용,남,66세,상해없음,보행자,남,12세,경상
2022112200100068,2022년 11월 22일 07시,화요일,경상남도 밀양시 내이동,경상사고,0,0,3,0,차대차 - 측면충돌,안전운전불이행,건조,맑음,단일로 - 기타,승용,여,50세,경상,승용,남,28세,경상
2022112200100389,2022년 11월 22일 17시,화요일,경상남도 밀양시 내이동,경상사고,0,0,1,0,차대차 - 측면충돌,안전운전불이행,건조,흐림,교차로 - 교차로안,승용,남,58세,상해없음,원동기,여,71세,경상
2022112200100454,2022년 11월 22일 18시,화요일,경상남도 밀양시 상동면,중상사고,0,1,0,0,차대차 - 측면충돌,중앙선침범,건조,흐림,단일로 - 기타,승용,여,67세,상해없음,승합,남,70세,상해없음
2022112200100579,2022년 11월 22일 21시,화요일,경상남도 밀양시 삼문동,중상사고,0,1,0,0,차대차 - 측면충돌,안전운전불이행,젖음/습기,비,교차로 - 교차로부근,승용,남,45세,상해없음,자전거,남,57세,중상
2022112400100022,2022년 11월 24일 03시,목요일,경상남도 밀양시 내이동,중상사고,0,1,2,0,차대차 - 측면충돌,안전운전불이행,건조,흐림,단일로 - 기타,승용,남,19세,경상,승용,남,52세,중상
2022112400100048,2022년 11월 24일 06시,목요일,경상남도 밀양시 삼문동,경상사고,0,0,1,0,차대차 - 측면충돌,안전운전불이행,건조,맑음,기타 - 기타,화물,남,55세,상해없음,승용,남,64세,경상
2022112400100483,2022년 11월 24일 18시,목요일,경상남도 밀양시 삼문동,중상사고,0,1,0,0,차대사람 - 횡단중,신호위반,건조,맑음,교차로 - 교차로횡단보도내,승용,여,54세,상해없음,보행자,남,14세,중상
2022112500100106,2022년 11월 25일 08시,금요일,경상남도 밀양시 삼문동,중상사고,0,1,0,0,차대차 - 기타,차로위반,건조,맑음,단일로 - 교량,승용,여,61세,상해없음,원동기,남,63세,중상
2022112500100230,2022년 11월 25일 12시,금요일,경상남도 밀양시 내일동,경상사고,0,0,1,0,차대사람 - 기타,안전운전불이행,건조,맑음,단일로 - 기타,승용,남,21세,상해없음,보행자,남,41세,경상
2022112600100208,2022년 11월 26일 12시,토요일,경상남도 밀양시 초동면,중상사고,0,1,3,0,차대차 - 측면충돌,안전운전불이행,건조,맑음,교차로 - 교차로안,화물,남,50세,경상,화물,남,66세,경상
2022112600100303,2022년 11월 26일 15시,토요일,경상남도 밀양시 삼랑진읍,중상사고,0,2,0,0,차대차 - 측면충돌,신호위반,건조,맑음,교차로 - 교차로안,승용,남,29세,상해없음,승용,남,74세,중상
2022112700100290,2022년 11월 27일 17시,일요일,경상남도 밀양시 삼문동,경상사고,0,0,2,0,차대차 - 측면충돌,안전운전불이행,건조,흐림,교차로 - 교차로안,이륜,남,56세,경상,승용,남,34세,경상
2022112800100414,2022년 11월 28일 17시,월요일,경상남도 밀양시 삼문동,경상사고,0,0,2,0,차대차 - 추돌,안전운전불이행,건조,맑음,단일로 - 교량,승용,여,33세,경상,건설기계,남,60세,상해없음
2022112900100135,2022년 11월 29일 08시,화요일,경상남도 밀양시 교동,중상사고,0,1,0,0,차대사람 - 횡단중,보행자보호의무위반,건조,맑음,단일로 - 기타,승용,여,59세,상해없음,보행자,남,64세,중상
2022112900100168,2022년 11월 29일 09시,화요일,경상남도 밀양시 내이동,중상사고,0,1,0,0,차대차 - 측면충돌,안전운전불이행,건조,맑음,교차로 - 교차로안,승용,남,64세,상해없음,승용,여,59세,중상
2022113000100205,2022년 11월 30일 12시,수요일,경상남도 밀양시 무안면,중상사고,0,3,0,0,차대차 - 측면충돌,교차로운행방법위반,건조,맑음,교차로 - 교차로안,승용,여,64세,상해없음,이륜,여,31세,중상
2022120200100213,2022년 12월 2일 11시,금요일,경상남도 밀양시 삼문동,중상사고,0,3,0,0,차대차 - 추돌,안전운전불이행,건조,맑음,단일로 - 교량,승용,남,75세,상해없음,승용,여,48세,중상
2022120200100505,2022년 12월 2일 18시,금요일,경상남도 밀양시 하남읍,사망사고,1,0,0,0,차대사람 - 횡단중,기타,건조,맑음,교차로 - 교차로안,승용,남,62세,상해없음,보행자,여,66세,사망
2022120300100241,2022년 12월 3일 13시,토요일,경상남도 밀양시 삼랑진읍,중상사고,0,1,0,0,차대차 - 측면충돌,안전운전불이행,건조,맑음,교차로 - 교차로안,화물,남,76세,상해없음,자전거,남,74세,중상
2022120400100097,2022년 12월 4일 10시,일요일,경상남도 밀양시 내이동,경상사고,0,0,2,0,차대차 - 추돌,안전운전불이행,건조,맑음,교차로 - 교차로안,화물,남,64세,경상,승용,여,62세,경상
2022120400100169,2022년 12월 4일 13시,일요일,경상남도 밀양시 내이동,경상사고,0,0,3,0,차대차 - 추돌,안전운전불이행,건조,맑음,단일로 - 기타,승용,남,56세,상해없음,승용,남,51세,경상
2022120500100491,2022년 12월 5일 21시,월요일,경상남도 밀양시 무안면,경상사고,0,0,3,1,차대차 - 정면충돌,중앙선침범,건조,흐림,단일로 - 기타,승용,남,20세,상해없음,승용,남,48세,경상
2022120600100255,2022년 12월 6일 11시,화요일,경상남도 밀양시 삼랑진읍,경상사고,0,0,1,0,차대차 - 기타,중앙선침범,건조,맑음,단일로 - 지하차도(도로)내,승용,남,64세,상해없음,자전거,여,52세,경상
2022120600100326,2022년 12월 6일 14시,화요일,경상남도 밀양시 상남면,중상사고,0,1,1,0,차대차 - 측면충돌,안전운전불이행,건조,맑음,교차로 - 교차로안,화물,남,48세,경상,화물,남,34세,중상
2022120600100511,2022년 12월 6일 18시,화요일,경상남도 밀양시 부북면,부상신고사고,0,0,0,1,차량단독 - 공작물충돌,안전운전불이행,건조,맑음,교차로 - 교차로안,원동기,남,72세,부상신고,,,,
2022120700100170,2022년 12월 7일 10시,수요일,경상남도 밀양시 하남읍,중상사고,0,1,1,0,차량단독 - 주/정차차량 충돌,안전운전불이행,건조,맑음,교차로 - 교차로안,승용,남,85세,경상,,,,
2022120800100456,2022년 12월 8일 17시,목요일,경상남도 밀양시 하남읍,중상사고,0,1,0,0,차대차 - 추돌,안전운전불이행,건조,흐림,단일로 - 교량,승용,남,70세,상해없음,자전거,남,50세,중상
2022121100100101,2022년 12월 11일 10시,일요일,경상남도 밀양시 상남면,경상사고,0,0,1,0,차대차 - 정면충돌,신호위반,건조,맑음,교차로 - 교차로안,승용,남,68세,상해없음,승용,여,50세,경상
2022121100100102,2022년 12월 11일 10시,일요일,경상남도 밀양시 삼랑진읍,중상사고,0,1,0,0,차대차 - 기타,안전운전불이행,건조,흐림,단일로 - 기타,승용,남,73세,상해없음,자전거,남,64세,중상
2022121200100213,2022년 12월 12일 13시,월요일,경상남도 밀양시 남포동,경상사고,0,0,1,0,차대차 - 측면충돌,안전거리미확보,건조,맑음,단일로 - 기타,승용,남,54세,상해없음,승용,남,64세,경상
2022121200100316,2022년 12월 12일 16시,월요일,경상남도 밀양시 하남읍,경상사고,0,0,1,0,차대차 - 추돌,안전운전불이행,건조,맑음,단일로 - 기타,승용,여,33세,상해없음,화물,남,57세,경상
2022121200100583,2022년 12월 12일 23시,월요일,경상남도 밀양시 삼문동,경상사고,0,0,3,0,차대차 - 측면충돌,신호위반,젖음/습기,맑음,교차로 - 교차로안,승용,남,51세,상해없음,승용,남,40세,경상
2022121300100024,2022년 12월 13일 03시,화요일,경상남도 밀양시 내이동,중상사고,0,1,0,0,차량단독 - 주/정차차량 충돌,안전운전불이행,젖음/습기,안개,단일로 - 기타,승용,여,36세,상해없음,,,,
2022121300100417,2022년 12월 13일 18시,화요일,경상남도 밀양시 삼문동,경상사고,0,0,1,0,차대차 - 추돌,안전운전불이행,건조,맑음,교차로 - 교차로부근,승용,남,26세,상해없음,승용,여,45세,경상
2022121400100269,2022년 12월 14일 12시,수요일,경상남도 밀양시 내이동,중상사고,0,1,0,0,차대차 - 측면충돌,안전운전불이행,건조,맑음,단일로 - 기타,승용,남,60세,상해없음,이륜,남,56세,중상
2022121400100420,2022년 12월 14일 16시,수요일,경상남도 밀양시 삼랑진읍,중상사고,0,1,0,0,차대사람 - 길가장자리구역통행중,안전운전불이행,건조,맑음,단일로 - 기타,승용,여,69세,상해없음,보행자,여,87세,중상
2022121400100471,2022년 12월 14일 17시,수요일,경상남도 밀양시 교동,경상사고,0,0,3,0,차대사람 - 횡단중,안전운전불이행,건조,맑음,교차로 - 교차로안,승용,남,64세,상해없음,보행자,여,15세,경상
2022121400100535,2022년 12월 14일 18시,수요일,경상남도 밀양시 삼문동,경상사고,0,0,1,0,차대사람 - 길가장자리구역통행중,안전운전불이행,건조,맑음,단일로 - 기타,승용,여,56세,상해없음,보행자,남,50세,경상
2022121500100272,2022년 12월 15일 13시,목요일,경상남도 밀양시 교동,경상사고,0,0,2,0,차대차 - 추돌,안전운전불이행,건조,맑음,교차로 - 교차로부근,승용,남,33세,상해없음,화물,남,54세,경상
2022121500100424,2022년 12월 15일 17시,목요일,경상남도 밀양시 하남읍,중상사고,0,1,0,0,차대차 - 측면충돌,중앙선침범,건조,흐림,단일로 - 기타,승용,여,55세,상해없음,이륜,남,60세,중상
2022121600100072,2022년 12월 16일 07시,금요일,경상남도 밀양시 가곡동,사망사고,1,0,0,0,차대사람 - 횡단중,기타,건조,흐림,교차로 - 교차로안,승용,여,61세,상해없음,보행자,여,91세,사망
2022121600100286,2022년 12월 16일 14시,금요일,경상남도 밀양시 내이동,경상사고,0,0,1,0,차대차 - 추돌,안전운전불이행,건조,맑음,단일로 - 기타,화물,남,57세,상해없음,승용,남,54세,경상
2022121600100396,2022년 12월 16일 17시,금요일,경상남도 밀양시 내이동,중상사고,0,1,0,0,차대차 - 측면충돌,신호위반,건조,흐림,교차로 - 교차로안,이륜,남,60세,중상,승용,남,70세,상해없음
2022122000100517,2022년 12월 20일 18시,화요일,경상남도 밀양시 상남면,경상사고,0,0,1,0,차대차 - 측면충돌,안전운전불이행,건조,맑음,교차로 - 교차로안,승용,여,44세,상해없음,승용,여,48세,경상
2022122000100568,2022년 12월 20일 19시,화요일,경상남도 밀양시 내이동,경상사고,0,0,1,0,차대차 - 후진중충돌,안전운전불이행,건조,맑음,주차장 - 주차장,화물,남,62세,상해없음,승용,남,46세,경상
2022122100100087,2022년 12월 21일 07시,수요일,경상남도 밀양시 초동면,경상사고,0,0,1,0,차대차 - 추돌,안전운전불이행,서리/결빙,눈,단일로 - 기타,승용,남,41세,상해없음,승용,여,62세,상해없음
2022122200100356,2022년 12월 22일 17시,목요일,경상남도 밀양시 내이동,경상사고,0,0,2,0,차대차 - 추돌,안전운전불이행,건조,맑음,주차장 - 주차장,승용,여,31세,상해없음,승용,여,29세,경상
2022122200100481,2022년 12월 22일 20시,목요일,경상남도 밀양시 삼문동,중상사고,0,1,0,0,차대차 - 측면충돌,안전운전불이행,건조,맑음,단일로 - 기타,승용,남,65세,상해없음,원동기,남,17세,중상
2022122300100118,2022년 12월 23일 09시,금요일,경상남도 밀양시 내이동,중상사고,0,1,0,0,차대차 - 측면충돌,신호위반,건조,맑음,교차로 - 교차로안,승용,남,67세,상해없음,승용,여,63세,중상
2022122400100547,2022년 12월 24일 23시,토요일,경상남도 밀양시 삼문동,중상사고,0,1,0,0,차량단독 - 공작물충돌,안전운전불이행,건조,흐림,단일로 - 기타,이륜,남,21세,중상,,,,
2022122600100200,2022년 12월 26일 11시,월요일,경상남도 밀양시 내이동,중상사고,0,1,0,0,차대차 - 측면충돌,신호위반,건조,맑음,교차로 - 교차로안,승용,남,66세,상해없음,이륜,남,80세,중상
2022122700100322,2022년 12월 27일 15시,화요일,경상남도 밀양시 가곡동,경상사고,0,0,1,0,차대차 - 기타,신호위반,건조,맑음,교차로 - 교차로안,승용,여,68세,상해없음,화물,남,76세,경상
2022122700100492,2022년 12월 27일 19시,화요일,경상남도 밀양시 내일동,경상사고,0,0,1,0,차대사람 - 기타,안전운전불이행,건조,맑음,단일로 - 기타,승용,여,51세,상해없음,보행자,여,50세,경상
2022122900100171,2022년 12월 29일 11시,목요일,경상남도 밀양시 삼랑진읍,경상사고,0,0,2,0,차대차 - 기타,안전거리미확보,건조,맑음,단일로 - 기타,특수,남,57세,상해없음,화물,남,53세,경상
2022123000100461,2022년 12월 30일 17시,금요일,경상남도 밀양시 하남읍,중상사고,0,1,2,0,차량단독 - 도로외이탈 - 기타,안전운전불이행,건조,맑음,단일로 - 기타,승합,여,54세,상해없음,,,,
2022123000100462,2022년 12월 30일 17시,금요일,경상남도 밀양시 내이동,경상사고,0,0,1,0,차대차 - 기타,중앙선침범,건조,맑음,단일로 - 기타,승용,남,53세,상해없음,이륜,남,24세,상해없음